trade_date,code,ticker,name,market,industry,pick_rank,score,best_yahoo_rank,selection_reason,rank,appearance_count,consecutive_appearances,evaluation_version,return_20d,return_60d,return_120d,distance_ma20,distance_ma60,avg_turnover_20d,volume_ratio_20d,distance_high_120d,volatility_20d,rule_price_floor,rule_liquidity_floor,rule_momentum_20_positive,rule_momentum_60_positive,rule_above_ma20,rule_above_ma60,rule_trend_alignment,rule_volume_expansion,rule_near_120d_high,rule_overheat_control,rule_volatility_control,rule_daily_base,universe_source,universe_label,liquidity_rank,in_yahoo_pool,signal_close,signal_raw_close,signal_adjusted_close,latest_price_date,observed_days,next_open_date,next_open,next_open_gap,return_1d,max_gain_1d,max_drawdown_1d,open_buy_return_1d,benchmark_return_1d,benchmark_open_buy_return_1d,excess_return_1d,open_buy_excess_return_1d,net_open_buy_return_1d_0bps,net_excess_return_1d_0bps,net_open_buy_return_1d_10bps,net_excess_return_1d_10bps,net_open_buy_return_1d_25bps,net_excess_return_1d_25bps,net_open_buy_return_1d_50bps,net_excess_return_1d_50bps,settled_1d,return_3d,max_gain_3d,max_drawdown_3d,open_buy_return_3d,benchmark_return_3d,benchmark_open_buy_return_3d,excess_return_3d,open_buy_excess_return_3d,net_open_buy_return_3d_0bps,net_excess_return_3d_0bps,net_open_buy_return_3d_10bps,net_excess_return_3d_10bps,net_open_buy_return_3d_25bps,net_excess_return_3d_25bps,net_open_buy_return_3d_50bps,net_excess_return_3d_50bps,settled_3d,return_5d,max_gain_5d,max_drawdown_5d,open_buy_return_5d,benchmark_return_5d,benchmark_open_buy_return_5d,excess_return_5d,open_buy_excess_return_5d,net_open_buy_return_5d_0bps,net_excess_return_5d_0bps,net_open_buy_return_5d_10bps,net_excess_return_5d_10bps,net_open_buy_return_5d_25bps,net_excess_return_5d_25bps,net_open_buy_return_5d_50bps,net_excess_return_5d_50bps,settled_5d,return_10d,max_gain_10d,max_drawdown_10d,open_buy_return_10d,benchmark_return_10d,benchmark_open_buy_return_10d,excess_return_10d,open_buy_excess_return_10d,net_open_buy_return_10d_0bps,net_excess_return_10d_0bps,net_open_buy_return_10d_10bps,net_excess_return_10d_10bps,net_open_buy_return_10d_25bps,net_excess_return_10d_25bps,net_open_buy_return_10d_50bps,net_excess_return_10d_50bps,settled_10d
2026-06-15,6976,6976.T,太陽誘電,プライム,電気機器,,91.85,6.0,,1,,,v4,1.6807061440088962,3.901383005120892,4.360929803636846,0.4020560095384884,1.3566653595406355,325260047195.0,1.8168280871060414,0.0,1.4734893907131663,True,True,True,True,True,True,True,True,True,False,False,False,jpx_liquidity,JPX流動性,4.0,True,19285.0,19285.0,19285.0,,0,,,,,,,,,,,,,,,,,,,,False,,,,,,,,,,,,,,,,,False,,,,,,,,,,,,,,,,,False,,,,,,,,,,,,,,,,,False
2026-06-15,8035,8035.T,東京エレクトロン,プライム,電気機器,,90.39,133.0,,2,,,v4,0.4770604953308972,0.8758718926581552,1.3314407791980054,0.29415531286684926,0.5180987077290049,240199486500.0,1.1478786898101183,0.0,0.7960159048230935,True,True,True,True,True,True,True,False,True,False,True,False,jpx_liquidity,JPX流動性,6.0,True,72760.0,72760.0,72760.0,,0,,,,,,,,,,,,,,,,,,,,False,,,,,,,,,,,,,,,,,False,,,,,,,,,,,,,,,,,False,,,,,,,,,,,,,,,,,False
2026-06-15,4062,4062.T,イビデン,プライム,電気機器,,90.19,13.0,,3,,,v4,0.45506875599616237,1.7968270131998088,2.573711285209881,0.16651711319061668,0.653101577549906,162702354775.0,1.2059401452420424,-0.010869565217391353,1.289871078524946,True,True,True,True,True,True,True,True,True,False,False,False,jpx_liquidity,JPX流動性,9.0,True,22750.0,22750.0,22750.0,,0,,,,,,,,,,,,,,,,,,,,False,,,,,,,,,,,,,,,,,False,,,,,,,,,,,,,,,,,False,,,,,,,,,,,,,,,,,False
2026-06-15,3436,3436.T,ＳＵＭＣＯ,プライム,金属製品,,89.88,16.0,,4,,,v4,0.4388368983957218,1.6639851485148514,2.202962961617459,0.1834238196687512,0.5821679927966337,51022794840.0,1.3404644700902317,-0.03453689167974883,1.2281826679870074,True,True,True,True,True,True,True,True,True,False,False,False,jpx_liquidity,JPX流動性,34.0,True,4305.0,4305.0,4305.0,,0,,,,,,,,,,,,,,,,,,,,False,,,,,,,,,,,,,,,,,False,,,,,,,,,,,,,,,,,False,,,,,,,,,,,,,,,,,False
2026-06-15,6525,6525.T,ＫＯＫＵＳＡＩ　ＥＬＥＣＴＲＩＣ,プライム,電気機器,,89.65,32.0,,5,,,v4,0.48272781417510413,0.857152666009672,1.0741674617444765,0.2824954440373235,0.4817531428061008,59760095225.0,1.1828244114936752,0.0,1.035835006207348,True,True,True,True,True,True,True,False,True,False,False,False,jpx_liquidity,JPX流動性,28.0,True,9958.0,9958.0,9958.0,,0,,,,,,,,,,,,,,,,,,,,False,,,,,,,,,,,,,,,,,False,,,,,,,,,,,,,,,,,False,,,,,,,,,,,,,,,,,False
2026-06-15,285A,285A.T,キオクシアホールディングス,プライム,電気機器,,88.54,17.0,,6,,,v4,0.7669582118561711,3.019898297590095,8.19211324570273,0.3185394684361289,1.0663242112919358,2741374670800.0,0.8815471255107686,0.0,0.9800285044349208,True,True,True,True,True,True,True,False,True,False,False,False,jpx_liquidity,JPX流動性,1.0,True,90910.0,90910.0,90910.0,,0,,,,,,,,,,,,,,,,,,,,False,,,,,,,,,,,,,,,,,False,,,,,,,,,,,,,,,,,False,,,,,,,,,,,,,,,,,False
2026-06-15,7735,7735.T,ＳＣＲＥＥＮホールディングス,プライム,電気機器,,88.41,,,7,,,v4,0.36518144235186045,0.5573712523364447,1.2726169907566058,0.24729828979120771,0.3702632791407765,32754207700.0,1.1801706959431515,0.0,0.8503996074112689,True,True,True,True,True,True,True,False,True,False,False,False,jpx_liquidity,JPX流動性,42.0,False,14860.0,14860.0,14860.0,,0,,,,,,,,,,,,,,,,,,,,False,,,,,,,,,,,,,,,,,False,,,,,,,,,,,,,,,,,False,,,,,,,,,,,,,,,,,False
2026-06-15,6278,6278.T,ユニオンツール,プライム,機械,,88.11,115.0,,8,,,v4,0.32947686116700203,0.777404169468729,1.9778882528296702,0.18871997841144195,0.45474226898696424,7865989450.0,1.2536697838944821,0.0,0.6437063487354525,True,True,True,True,True,True,True,True,True,False,True,False,jpx_liquidity,JPX流動性,185.0,True,26430.0,26430.0,26430.0,,0,,,,,,,,,,,,,,,,,,,,False,,,,,,,,,,,,,,,,,False,,,,,,,,,,,,,,,,,False,,,,,,,,,,,,,,,,,False
2026-06-15,6971,6971.T,京セラ,プライム,電気機器,,86.3,72.0,,9,,,v4,0.35391672547635844,0.5775730271167647,0.7263807166406588,0.12371232144556799,0.3305992372186448,29123627972.5,0.9003344799650341,-0.019422438027089206,0.47590683074654516,True,True,True,True,True,True,True,False,True,True,True,True,jpx_liquidity,JPX流動性,48.0,True,3837.0,3837.0,3837.0,,0,,,,,,,,,,,,,,,,,,,,False,,,,,,,,,,,,,,,,,False,,,,,,,,,,,,,,,,,False,,,,,,,,,,,,,,,,,False
2026-06-15,5332,5332.T,ＴＯＴＯ,プライム,ガラス・土石製品,,85.66,,,10,,,v4,0.18198874296435275,0.43851406239708424,0.9156894793845853,0.10868196801202101,0.29505624610579817,11940853735.0,1.3008458560871663,0.0,0.5659871232558206,True,True,True,True,True,True,True,True,True,True,True,True,jpx_liquidity,JPX流動性,125.0,False,8190.0,8190.0,8190.0,,0,,,,,,,,,,,,,,,,,,,,False,,,,,,,,,,,,,,,,,False,,,,,,,,,,,,,,,,,False,,,,,,,,,,,,,,,,,False
2026-06-15,6407,6407.T,ＣＫＤ,プライム,機械,,85.42,46.0,,11,,,v4,0.1861958266452648,0.6815714689984593,1.6819466916242063,0.14352030947775618,0.2797609819435216,5588580950.0,1.5087150939952547,0.0,0.7361163216209049,True,True,True,True,True,True,True,True,True,True,True,True,jpx_liquidity,JPX流動性,238.0,True,7390.0,7390.0,7390.0,,0,,,,,,,,,,,,,,,,,,,,False,,,,,,,,,,,,,,,,,False,,,,,,,,,,,,,,,,,False,,,,,,,,,,,,,,,,,False
2026-06-15,6752,6752.T,パナソニック　ホールディングス,プライム,電気機器,,85.16,43.0,,12,,,v4,0.1977299880525687,0.5717925282399412,0.8576058258279655,0.09915713013088467,0.26454713772997596,45389282900.0,0.9669522896407639,0.0,0.6564540081826693,True,True,True,True,True,True,True,False,True,True,True,True,jpx_liquidity,JPX流動性,38.0,True,4010.0,4010.0,4010.0,,0,,,,,,,,,,,,,,,,,,,,False,,,,,,,,,,,,,,,,,False,,,,,,,,,,,,,,,,,False,,,,,,,,,,,,,,,,,False
2026-06-15,6981,6981.T,村田製作所,プライム,電気機器,,85.13,17.0,,13,,,v4,0.6302058013287959,1.8153328102010118,1.986736900259904,0.15922656772141686,0.6982456243505866,352479904945.0,0.742473815815394,-0.040991420400381284,1.209433120970407,True,True,True,True,True,True,True,False,True,False,False,False,jpx_liquidity,JPX流動性,3.0,True,10060.0,10060.0,10060.0,,0,,,,,,,,,,,,,,,,,,,,False,,,,,,,,,,,,,,,,,False,,,,,,,,,,,,,,,,,False,,,,,,,,,,,,,,,,,False
2026-06-15,6146,6146.T,ディスコ,プライム,機械,,85.0,140.0,,14,,,v4,0.34251968503937014,0.22618038965387832,0.7564953667847081,0.23917988821943292,0.232739108283879,135611622900.0,2.413126291590243,0.0,0.7786343568239608,True,True,True,True,True,True,True,True,True,False,True,False,jpx_liquidity,JPX流動性,11.0,True,85250.0,85250.0,85250.0,,0,,,,,,,,,,,,,,,,,,,,False,,,,,,,,,,,,,,,,,False,,,,,,,,,,,,,,,,,False,,,,,,,,,,,,,,,,,False
2026-06-15,6762,6762.T,ＴＤＫ,プライム,電気機器,,84.74,27.0,,15,,,v4,0.31183879093198996,0.9045490804546117,0.6855606580976408,0.06403699340084579,0.3726515292578423,67780482745.0,1.0675005054156963,-0.04986621260034052,0.8624032741722794,True,True,True,True,True,True,True,False,True,True,False,False,jpx_liquidity,JPX流動性,27.0,True,3906.0,3906.0,3906.0,,0,,,,,,,,,,,,,,,,,,,,False,,,,,,,,,,,,,,,,,False,,,,,,,,,,,,,,,,,False,,,,,,,,,,,,,,,,,False
2026-06-15,6920,6920.T,レーザーテック,プライム,電気機器,,84.24,64.0,,16,,,v4,0.26472898664571876,0.2777777777777777,0.5609221089793734,0.19049086181186303,0.21088037437847307,123724643600.0,1.5164158304991298,0.0,0.8356394278088635,True,True,True,True,True,True,True,True,True,False,False,False,jpx_liquidity,JPX流動性,12.0,True,48300.0,48300.0,48300.0,,0,,,,,,,,,,,,,,,,,,,,False,,,,,,,,,,,,,,,,,False,,,,,,,,,,,,,,,,,False,,,,,,,,,,,,,,,,,False
2026-06-15,5333,5333.T,ＮＧＫ,プライム,ガラス・土石製品,,84.24,87.0,,17,,,v4,0.18292030665002668,0.6599640716229405,0.9525007881283869,0.0844870139422369,0.3049947271331215,11457171515.0,0.9674825459781043,0.0,0.5920243656211659,True,True,True,True,True,True,True,False,True,True,True,True,jpx_liquidity,JPX流動性,131.0,True,6635.0,6635.0,6635.0,,0,,,,,,,,,,,,,,,,,,,,False,,,,,,,,,,,,,,,,,False,,,,,,,,,,,,,,,,,False,,,,,,,,,,,,,,,,,False
2026-06-15,6323,6323.T,ローツェ,プライム,機械,,83.62,100.0,,18,,,v4,0.22685185185185186,0.5721514569883093,1.1081973405094572,0.13910767791445955,0.26016335968969106,6815084980.0,1.0578338339296611,0.0,0.7186234695259786,True,True,True,True,True,True,True,False,True,True,True,True,jpx_liquidity,JPX流動性,206.0,True,4505.0,4505.0,4505.0,,0,,,,,,,,,,,,,,,,,,,,False,,,,,,,,,,,,,,,,,False,,,,,,,,,,,,,,,,,False,,,,,,,,,,,,,,,,,False
2026-06-15,6387,6387.T,サムコ,プライム,機械,,83.47,4.0,,19,,,v4,0.2541254125412542,0.9289340101522843,2.6982968369829683,0.2991452991452992,0.44021224180405527,1858166750.0,3.6161167751401377,0.0,1.2444635463757472,True,True,True,True,True,True,True,True,True,False,False,False,jpx_liquidity,JPX流動性,446.0,True,15200.0,15200.0,15200.0,,0,,,,,,,,,,,,,,,,,,,,False,,,,,,,,,,,,,,,,,False,,,,,,,,,,,,,,,,,False,,,,,,,,,,,,,,,,,False
2026-06-15,8316,8316.T,三井住友フィナンシャルグループ,プライム,銀行業,,83.43,29.0,,20,,,v4,0.1372993719469644,0.30288810556127377,0.33092129050471963,0.07254793889487576,0.15310774193358112,96783665220.0,1.1468663503298127,0.0,0.26694423892809865,True,True,True,True,True,True,True,False,True,True,True,True,jpx_liquidity,JPX流動性,14.0,True,6519.0,6519.0,6519.0,,0,,,,,,,,,,,,,,,,,,,,False,,,,,,,,,,,,,,,,,False,,,,,,,,,,,,,,,,,False,,,,,,,,,,,,,,,,,False
2026-06-15,6264,6264.T,マルマエ,プライム,機械,,83.19,20.0,,21,,,v4,0.2068965517241379,0.5578330893118595,1.7771262841474722,0.21154152717997765,0.3546259713033182,2456223645.0,3.173995009985111,0.0,1.0934518869956928,True,True,True,True,True,True,True,True,True,False,False,False,jpx_liquidity,JPX流動性,376.0,True,2660.0,2660.0,2660.0,,0,,,,,,,,,,,,,,,,,,,,False,,,,,,,,,,,,,,,,,False,,,,,,,,,,,,,,,,,False,,,,,,,,,,,,,,,,,False
2026-06-15,6779,6779.T,日本電波工業,プライム,電気機器,,82.99,,,22,,,v4,0.6310845431255336,1.8821598810422344,3.169338056109604,0.08541228618514518,0.677021280596005,11500274910.0,1.2571915841498007,-0.2091097308488613,1.6774715626907446,True,True,True,True,True,True,True,True,False,True,False,False,jpx_liquidity,JPX流動性,129.0,False,3820.0,3820.0,3820.0,,0,,,,,,,,,,,,,,,,,,,,False,,,,,,,,,,,,,,,,,False,,,,,,,,,,,,,,,,,False,,,,,,,,,,,,,,,,,False
2026-06-15,7729,7729.T,東京精密,プライム,精密機器,,82.72,,,23,,,v4,0.20524550167734068,0.36006359166258783,0.830663052430223,0.13573009167456962,0.20480813012555488,7556612525.0,1.242171803217051,0.0,0.6699729243197015,True,True,True,True,True,True,True,True,True,True,True,True,jpx_liquidity,JPX流動性,190.0,False,19760.0,19760.0,19760.0,,0,,,,,,,,,,,,,,,,,,,,False,,,,,,,,,,,,,,,,,False,,,,,,,,,,,,,,,,,False,,,,,,,,,,,,,,,,,False
2026-06-15,6361,6361.T,荏原製作所,プライム,機械,,82.42,29.0,,24,,,v4,0.1598429613011778,0.3233788395904438,0.5888470266403214,0.1400115765198775,0.19612089741200367,17946148465.0,1.3440528728021552,0.0,0.7969554389681835,True,True,True,True,True,True,True,True,True,True,True,True,jpx_liquidity,JPX流動性,81.0,True,6204.0,6204.0,6204.0,,0,,,,,,,,,,,,,,,,,,,,False,,,,,,,,,,,,,,,,,False,,,,,,,,,,,,,,,,,False,,,,,,,,,,,,,,,,,False
2026-06-15,4047,4047.T,関東電化工業,プライム,化学,,82.28,,,25,,,v4,0.5235294117647058,1.5248937810073975,2.818132118188678,0.08799148650162425,0.6971473895895179,5197765970.0,1.1101365472284486,-0.11804767309875142,1.0511315226881248,True,True,True,True,True,True,True,False,False,True,False,False,jpx_liquidity,JPX流動性,251.0,False,3885.0,3885.0,3885.0,,0,,,,,,,,,,,,,,,,,,,,False,,,,,,,,,,,,,,,,,False,,,,,,,,,,,,,,,,,False,,,,,,,,,,,,,,,,,False
2026-06-15,6996,6996.T,ニチコン,プライム,電気機器,,81.87,,,26,,,v4,0.41713091922005563,1.1607890752008316,1.4230887858712844,0.07987635813688176,0.512273345036345,6893243535.0,0.8644546073756932,-0.06971428571428573,0.8769726929588265,True,True,True,True,True,True,True,False,False,True,False,False,jpx_liquidity,JPX流動性,205.0,False,4070.0,4070.0,4070.0,,0,,,,,,,,,,,,,,,,,,,,False,,,,,,,,,,,,,,,,,False,,,,,,,,,,,,,,,,,False,,,,,,,,,,,,,,,,,False
2026-06-15,6376,6376.T,日機装,プライム,精密機器,,81.87,,,27,,,v4,0.23871614844533595,0.5431070387338608,1.3407172777760126,0.12840348419321423,0.3098198187581753,1963231835.0,1.1517990206514797,0.0,0.5754869623122857,True,True,True,True,True,True,True,False,True,True,True,True,jpx_liquidity,JPX流動性,428.0,False,3705.0,3705.0,3705.0,,0,,,,,,,,,,,,,,,,,,,,False,,,,,,,,,,,,,,,,,False,,,,,,,,,,,,,,,,,False,,,,,,,,,,,,,,,,,False
2026-06-15,6101,6101.T,ツガミ,プライム,機械,,81.84,126.0,,28,,,v4,0.15909090909090917,1.0349451428931662,1.321924488769462,0.12485230405671532,0.4380160969150868,3172868300.0,0.9863173921372899,0.0,0.6726853869907894,True,True,True,True,True,True,True,False,True,True,True,True,jpx_liquidity,JPX流動性,329.0,True,7140.0,7140.0,7140.0,,0,,,,,,,,,,,,,,,,,,,,False,,,,,,,,,,,,,,,,,False,,,,,,,,,,,,,,,,,False,,,,,,,,,,,,,,,,,False
2026-06-15,4004,4004.T,レゾナック・ホールディングス,プライム,化学,,80.95,84.0,,29,,,v4,0.10215698022768116,0.6632007233273056,1.9090965250726732,0.04491813056506233,0.25308388974859986,71122353925.0,1.0692739544565697,-0.05424164524421593,0.7961035458373719,True,True,True,True,True,True,True,False,False,True,True,True,jpx_liquidity,JPX流動性,25.0,True,18395.0,18395.0,18395.0,,0,,,,,,,,,,,,,,,,,,,,False,,,,,,,,,,,,,,,,,False,,,,,,,,,,,,,,,,,False,,,,,,,,,,,,,,,,,False
2026-06-15,5232,5232.T,住友大阪セメント,プライム,ガラス・土石製品,,80.77,,,30,,,v4,0.2291401948326981,0.4947674740662398,0.572117427328735,0.10551328082589695,0.3065009078841525,1915367775.0,1.4938859276572698,0.0,0.600763976599148,True,True,True,True,True,True,True,True,True,True,True,True,jpx_liquidity,JPX流動性,436.0,False,5804.0,5804.0,5804.0,,0,,,,,,,,,,,,,,,,,,,,False,,,,,,,,,,,,,,,,,False,,,,,,,,,,,,,,,,,False,,,,,,,,,,,,,,,,,False
2026-06-15,6997,6997.T,日本ケミコン,プライム,電気機器,,80.74,22.0,,31,,,v4,0.627038043478261,2.1661055470718367,2.3587869373279826,0.12133342697286809,0.6957308718215176,8095688850.0,0.8603206944192473,-0.14768683274021355,1.4603642901940828,True,True,True,True,True,True,True,False,False,True,False,False,jpx_liquidity,JPX流動性,182.0,True,4790.0,4790.0,4790.0,,0,,,,,,,,,,,,,,,,,,,,False,,,,,,,,,,,,,,,,,False,,,,,,,,,,,,,,,,,False,,,,,,,,,,,,,,,,,False
2026-06-15,8795,8795.T,Ｔ＆Ｄホールディングス,プライム,保険業,,80.74,,,32,,,v4,0.2001999500124969,0.3320666200182423,0.39682253813034496,0.1133265325048689,0.18826913218747032,10877379305.0,0.8681199922492854,0.0,0.3557844501145131,True,True,True,True,True,True,True,False,True,True,True,True,jpx_liquidity,JPX流動性,138.0,False,4802.0,4802.0,4802.0,,0,,,,,,,,,,,,,,,,,,,,False,,,,,,,,,,,,,,,,,False,,,,,,,,,,,,,,,,,False,,,,,,,,,,,,,,,,,False
2026-06-15,5471,5471.T,大同特殊鋼,プライム,鉄鋼,,80.45,135.0,,33,,,v4,0.34059945504087197,0.25940216718473286,0.5756450057490738,0.1881761978361669,0.26187496626908113,2738647872.5,1.4567573648643406,0.0,0.49303718399444124,True,True,True,True,True,True,True,True,True,False,True,False,jpx_liquidity,JPX流動性,356.0,True,2460.0,2460.0,2460.0,,0,,,,,,,,,,,,,,,,,,,,False,,,,,,,,,,,,,,,,,False,,,,,,,,,,,,,,,,,False,,,,,,,,,,,,,,,,,False
2026-06-15,6963,6963.T,ローム,プライム,電気機器,,80.45,135.0,,34,,,v4,0.26827503015681553,0.6054293610386263,1.4768195923520517,0.05622695719437831,0.29693232666195724,29444703585.0,0.7713434369554599,-0.06392450142450146,0.8710551150628546,True,True,True,True,True,True,True,False,False,True,False,False,jpx_liquidity,JPX流動性,46.0,True,5257.0,5257.0,5257.0,,0,,,,,,,,,,,,,,,,,,,,False,,,,,,,,,,,,,,,,,False,,,,,,,,,,,,,,,,,False,,,,,,,,,,,,,,,,,False
2026-06-15,8750,8750.T,第一ライフグループ,プライム,保険業,,80.1,56.0,,35,,,v4,0.09969040247678018,0.278975932576508,0.42348153895375185,0.061058668897120416,0.16252518849241482,15640049622.5,0.9577453230098132,0.0,0.17696885605963125,True,True,True,True,True,True,True,False,True,True,True,True,jpx_liquidity,JPX流動性,97.0,True,1776.0,1776.0,1776.0,,0,,,,,,,,,,,,,,,,,,,,False,,,,,,,,,,,,,,,,,False,,,,,,,,,,,,,,,,,False,,,,,,,,,,,,,,,,,False
2026-06-15,4042,4042.T,東ソー,プライム,化学,,79.85,,,36,,,v4,0.1771317829457364,0.30633532441128786,0.3196737233208642,0.11063366825441823,0.20153537216920836,4590878167.5,1.330120836475327,0.0,0.4016008965604859,True,True,True,True,True,True,True,True,True,True,True,True,jpx_liquidity,JPX流動性,267.0,False,3037.0,3037.0,3037.0,,0,,,,,,,,,,,,,,,,,,,,False,,,,,,,,,,,,,,,,,False,,,,,,,,,,,,,,,,,False,,,,,,,,,,,,,,,,,False
2026-06-15,6723,6723.T,ルネサスエレクトロニクス,プライム,電気機器,,79.63,39.0,,37,,,v4,0.21297297297297302,0.8136997373206709,1.0733575134933457,0.043078103029528414,0.347036474734312,78184532305.0,0.7209156628770136,-0.0723439437784208,0.7869810260694676,True,True,True,True,True,True,True,False,False,True,True,True,jpx_liquidity,JPX流動性,19.0,True,4488.0,4488.0,4488.0,,0,,,,,,,,,,,,,,,,,,,,False,,,,,,,,,,,,,,,,,False,,,,,,,,,,,,,,,,,False,,,,,,,,,,,,,,,,,False
2026-06-15,8411,8411.T,みずほフィナンシャルグループ,プライム,銀行業,,79.46,44.0,,38,,,v4,0.19432950191570875,0.29328770974007856,0.37783408803115903,0.05377027456442218,0.13642725536387834,88548109120.0,0.8832013133200016,0.0,0.37104394167982235,True,True,True,True,True,True,True,False,True,True,True,True,jpx_liquidity,JPX流動性,16.0,True,7793.0,7793.0,7793.0,,0,,,,,,,,,,,,,,,,,,,,False,,,,,,,,,,,,,,,,,False,,,,,,,,,,,,,,,,,False,,,,,,,,,,,,,,,,,False
2026-06-15,8309,8309.T,三井住友トラストグループ,プライム,銀行業,,78.69,,,39,,,v4,0.10926061493411421,0.2592751228264494,0.32195632779637773,0.05880092236740975,0.12314909996649126,18739806135.0,1.1140181015800943,0.0,0.25734853643934397,True,True,True,True,True,True,True,False,True,True,True,True,jpx_liquidity,JPX流動性,79.0,False,6061.0,6061.0,6061.0,,0,,,,,,,,,,,,,,,,,,,,False,,,,,,,,,,,,,,,,,False,,,,,,,,,,,,,,,,,False,,,,,,,,,,,,,,,,,False
2026-06-15,8331,8331.T,千葉銀行,プライム,銀行業,,78.63,,,40,,,v4,0.10813186813186815,0.28088105029602506,0.49479832413766944,0.06619862760232187,0.13951633036141353,6276473457.5,1.1578552904612665,0.0,0.2807581145784342,True,True,True,True,True,True,True,False,True,True,True,True,jpx_liquidity,JPX流動性,220.0,False,2521.0,2521.0,2521.0,,0,,,,,,,,,,,,,,,,,,,,False,,,,,,,,,,,,,,,,,False,,,,,,,,,,,,,,,,,False,,,,,,,,,,,,,,,,,False
2026-06-15,9962,9962.T,ミスミグループ本社,プライム,卸売業,,78.53,,,41,,,v4,0.20945731513805144,0.3637872783246423,0.4965172816744736,0.06532859978195837,0.18653180784390355,5041237470.0,0.9003768143736394,-0.0044409613375130386,0.38315723440011745,True,True,True,True,True,True,True,False,True,True,True,True,jpx_liquidity,JPX流動性,258.0,False,3811.0,3811.0,3811.0,,0,,,,,,,,,,,,,,,,,,,,False,,,,,,,,,,,,,,,,,False,,,,,,,,,,,,,,,,,False,,,,,,,,,,,,,,,,,False
2026-06-15,8306,8306.T,三菱ＵＦＪフィナンシャル・グループ,プライム,銀行業,,78.48,10.0,,42,,,v4,0.08247078464106838,0.2543908106780526,0.3221550342321553,0.044038322196280566,0.11986345353881722,145965257860.0,1.1793501435597122,0.0,0.24795548928297223,True,True,True,True,True,True,True,False,True,True,True,True,jpx_liquidity,JPX流動性,10.0,True,3242.0,3242.0,3242.0,,0,,,,,,,,,,,,,,,,,,,,False,,,,,,,,,,,,,,,,,False,,,,,,,,,,,,,,,,,False,,,,,,,,,,,,,,,,,False
2026-06-15,6055,6055.T,ジャパンマテリアル,プライム,サービス業,,78.39,72.0,,43,,,v4,0.1886429258902791,0.3645897148085835,0.5590479918961901,0.1630096995950654,0.2896140353789587,2167615425.0,1.2172163756736876,0.0,0.8472632312126936,True,True,True,True,True,True,True,True,True,True,False,False,jpx_liquidity,JPX流動性,403.0,True,2470.0,2470.0,2470.0,,0,,,,,,,,,,,,,,,,,,,,False,,,,,,,,,,,,,,,,,False,,,,,,,,,,,,,,,,,False,,,,,,,,,,,,,,,,,False
2026-06-15,5301,5301.T,東海カーボン,プライム,ガラス・土石製品,,78.28,,,44,,,v4,0.13874999999999993,0.9211302753030424,0.879598142064715,0.04415599300839568,0.39989627552294404,4051385127.5,0.8297925518620345,-0.040800210581732,0.4521730046627677,True,True,True,True,True,True,True,False,True,True,True,True,jpx_liquidity,JPX流動性,283.0,False,1822.0,1822.0,1822.0,,0,,,,,,,,,,,,,,,,,,,,False,,,,,,,,,,,,,,,,,False,,,,,,,,,,,,,,,,,False,,,,,,,,,,,,,,,,,False
2026-06-15,3099,3099.T,三越伊勢丹ホールディングス,プライム,小売業,,78.05,,,45,,,v4,0.14484679665738165,0.3482152399154397,0.5486933507019669,0.08096260903870611,0.16650869132320034,7432906145.0,0.8788616190409975,-0.014913448735019985,0.40592015265604353,True,True,True,True,True,True,True,False,True,True,True,True,jpx_liquidity,JPX流動性,193.0,False,3699.0,3699.0,3699.0,,0,,,,,,,,,,,,,,,,,,,,False,,,,,,,,,,,,,,,,,False,,,,,,,,,,,,,,,,,False,,,,,,,,,,,,,,,,,False
2026-06-15,8308,8308.T,りそなホールディングス,プライム,銀行業,,77.71,,,46,,,v4,0.09059405940594067,0.2799266496870072,0.42900435313613317,0.05293344485601614,0.12817638148174937,20006546775.0,1.0519904083320621,0.0,0.30117985031726957,True,True,True,True,True,True,True,False,True,True,True,True,jpx_liquidity,JPX流動性,71.0,False,2203.0,2203.0,2203.0,,0,,,,,,,,,,,,,,,,,,,,False,,,,,,,,,,,,,,,,,False,,,,,,,,,,,,,,,,,False,,,,,,,,,,,,,,,,,False
2026-06-15,6178,6178.T,日本郵政,プライム,サービス業,,77.14,113.0,,47,,,v4,0.11270691333982463,0.3118378431136384,0.4331614920886382,0.07274028701845792,0.17802794772042674,16593199857.5,0.6481664396593851,-0.014020707506471108,0.2668562097368976,True,True,True,True,True,True,True,False,True,True,True,True,jpx_liquidity,JPX流動性,88.0,True,2285.5,2285.5,2285.5,,0,,,,,,,,,,,,,,,,,,,,False,,,,,,,,,,,,,,,,,False,,,,,,,,,,,,,,,,,False,,,,,,,,,,,,,,,,,False
2026-06-15,8697,8697.T,日本取引所グループ,プライム,その他金融業,,77.1,117.0,,48,,,v4,0.2612303290414879,0.21897881379848227,0.29262253382014625,0.10331018083974719,0.15554475042317928,9987742852.5,1.0382456796172905,0.0,0.5102294275955336,True,True,True,True,True,True,True,False,True,True,True,True,jpx_liquidity,JPX流動性,151.0,True,2204.0,2204.0,2204.0,,0,,,,,,,,,,,,,,,,,,,,False,,,,,,,,,,,,,,,,,False,,,,,,,,,,,,,,,,,False,,,,,,,,,,,,,,,,,False
2026-06-15,7717,7717.T,ブイ・テクノロジー,プライム,精密機器,,77.02,,,49,,,v4,0.14440433212996395,0.4455324140742669,1.171242679719665,0.10376044568245124,0.24677103837427583,1824500150.0,1.0501645396901838,0.0,0.7696903861357246,True,True,True,True,True,True,True,False,True,True,True,True,jpx_liquidity,JPX流動性,449.0,False,6340.0,6340.0,6340.0,,0,,,,,,,,,,,,,,,,,,,,False,,,,,,,,,,,,,,,,,False,,,,,,,,,,,,,,,,,False,,,,,,,,,,,,,,,,,False
2026-06-15,9831,9831.T,ヤマダホールディングス,プライム,小売業,,76.77,134.0,,50,,,v4,0.17862148527286537,0.294313424359788,0.4327327064411699,0.06467545171332567,0.18233806317670198,3080698750.6567383,0.9775779706242428,-0.025459244751510623,0.28986664360616116,True,True,True,True,True,True,True,False,True,True,True,True,jpx_liquidity,JPX流動性,333.0,True,673.7000122070312,673.7000122070312,673.7000122070312,,0,,,,,,,,,,,,,,,,,,,,False,,,,,,,,,,,,,,,,,False,,,,,,,,,,,,,,,,,False,,,,,,,,,,,,,,,,,False
2026-06-15,7186,7186.T,横浜フィナンシャルグループ,プライム,銀行業,,76.61,,,51,,,v4,0.10442144873000947,0.27413826757049176,0.38418197217245886,0.06511023074364175,0.14495413880901853,6428284255.0,1.077304256491852,0.0,0.2928448165980328,True,True,True,True,True,True,True,False,True,True,True,True,jpx_liquidity,JPX流動性,214.0,False,1761.0,1761.0,1761.0,,0,,,,,,,,,,,,,,,,,,,,False,,,,,,,,,,,,,,,,,False,,,,,,,,,,,,,,,,,False,,,,,,,,,,,,,,,,,False
2026-06-15,5393,5393.T,ニチアス,プライム,ガラス・土石製品,,76.55,,,52,,,v4,0.13113772455089823,0.31824969711590967,0.725990596368264,0.07659865496409446,0.16982892836571972,2335041995.0,0.9155771358145681,-0.0005291005291004902,0.3113080725006769,True,True,True,True,True,True,True,False,True,True,True,True,jpx_liquidity,JPX流動性,388.0,False,3778.0,3778.0,3778.0,,0,,,,,,,,,,,,,,,,,,,,False,,,,,,,,,,,,,,,,,False,,,,,,,,,,,,,,,,,False,,,,,,,,,,,,,,,,,False
2026-06-15,9984,9984.T,ソフトバンクグループ,プライム,情報・通信業,,76.52,9.0,,53,,,v4,0.27641694975862685,0.9808712452224855,0.5979802108756027,0.014379493591747394,0.31725211899271755,581507590245.0,0.887677116670561,-0.17296107506950875,1.2899184713606389,True,True,True,True,True,True,True,False,False,True,False,False,jpx_liquidity,JPX流動性,2.0,True,7139.0,7139.0,7139.0,,0,,,,,,,,,,,,,,,,,,,,False,,,,,,,,,,,,,,,,,False,,,,,,,,,,,,,,,,,False,,,,,,,,,,,,,,,,,False
2026-06-15,6479,6479.T,ミネベアミツミ,プライム,電気機器,,76.46,,,54,,,v4,0.17326343381389253,0.6614529190863361,0.3533525151263679,0.017920494860365732,0.29391027014232374,14410513010.0,1.112076238866006,-0.10372446936323587,0.6205641660235091,True,True,True,True,True,True,True,False,False,True,True,True,jpx_liquidity,JPX流動性,103.0,False,4476.0,4476.0,4476.0,,0,,,,,,,,,,,,,,,,,,,,False,,,,,,,,,,,,,,,,,False,,,,,,,,,,,,,,,,,False,,,,,,,,,,,,,,,,,False
2026-06-15,5991,5991.T,日本発條,プライム,金属製品,,76.42,,,55,,,v4,0.12488769092542684,0.4287532133902894,0.4586044056281591,0.04288431369826884,0.23919637424050388,3875399565.0,1.734210551702183,-0.0723635465547049,0.5629234066163856,True,True,True,True,True,True,True,True,False,True,True,True,jpx_liquidity,JPX流動性,289.0,False,3756.0,3756.0,3756.0,,0,,,,,,,,,,,,,,,,,,,,False,,,,,,,,,,,,,,,,,False,,,,,,,,,,,,,,,,,False,,,,,,,,,,,,,,,,,False
2026-06-15,5101,5101.T,横浜ゴム,プライム,ゴム製品,,76.31,65.0,,56,,,v4,0.16486324015629705,0.28839760638297873,0.20736063351482725,0.12157782022341834,0.19342239649358728,6259259340.0,1.235568565495596,-0.028940115259333488,0.5307690477418475,True,True,True,True,True,True,True,True,True,True,True,True,jpx_liquidity,JPX流動性,223.0,True,7751.0,7751.0,7751.0,,0,,,,,,,,,,,,,,,,,,,,False,,,,,,,,,,,,,,,,,False,,,,,,,,,,,,,,,,,False,,,,,,,,,,,,,,,,,False
2026-06-15,6113,6113.T,アマダ,プライム,機械,,76.29,,,57,,,v4,0.16252821670428896,0.3353191896111174,0.6307437373156206,0.07689894923937479,0.18395454707533943,7555983567.5,0.7674161251972096,-0.0006468305304010435,0.5562543150902938,True,True,True,True,True,True,True,False,True,True,True,True,jpx_liquidity,JPX流動性,191.0,False,3090.0,3090.0,3090.0,,0,,,,,,,,,,,,,,,,,,,,False,,,,,,,,,,,,,,,,,False,,,,,,,,,,,,,,,,,False,,,,,,,,,,,,,,,,,False
2026-06-15,6857,6857.T,アドバンテスト,プライム,電気機器,,76.27,50.0,,58,,,v4,0.12504780114722758,0.22038292521680525,0.41737038641894975,0.10750350565139244,0.13000143209653148,228806494650.0,1.168885425004564,-0.066031746031746,0.6740691621306338,True,True,True,True,True,True,True,False,False,True,True,True,jpx_liquidity,JPX流動性,7.0,True,29420.0,29420.0,29420.0,,0,,,,,,,,,,,,,,,,,,,,False,,,,,,,,,,,,,,,,,False,,,,,,,,,,,,,,,,,False,,,,,,,,,,,,,,,,,False
2026-06-15,9983,9983.T,ファーストリテイリング,プライム,小売業,,75.66,,,59,,,v4,0.15515030631144033,0.2531684698608965,0.42621010675577553,0.04041421523023714,0.12468962838634501,79759730650.0,0.7790733219791257,-0.015182800923114304,0.324805228989058,True,True,True,True,True,True,True,False,True,True,True,True,jpx_liquidity,JPX流動性,17.0,False,81080.0,81080.0,81080.0,,0,,,,,,,,,,,,,,,,,,,,False,,,,,,,,,,,,,,,,,False,,,,,,,,,,,,,,,,,False,,,,,,,,,,,,,,,,,False
2026-06-15,6134,6134.T,ＦＵＪＩ,プライム,機械,,75.28,104.0,,60,,,v4,0.07084680025856493,0.5791931636872365,1.3350727050782059,0.06706001326900668,0.2936262409809367,7257802810.0,0.7177530319848183,-0.004805959389643122,0.5897593779643889,True,True,True,True,True,True,True,False,True,True,True,True,jpx_liquidity,JPX流動性,195.0,True,8283.0,8283.0,8283.0,,0,,,,,,,,,,,,,,,,,,,,False,,,,,,,,,,,,,,,,,False,,,,,,,,,,,,,,,,,False,,,,,,,,,,,,,,,,,False
2026-06-15,6806,6806.T,ヒロセ電機,プライム,電気機器,,75.23,,,61,,,v4,0.19379194630872476,0.3596519057028136,0.6848551141060966,0.07530131862319123,0.22351377562959507,5057075350.0,0.6205813040062844,-0.008016730568142227,0.5166126345194426,True,True,True,True,True,True,True,False,True,True,True,True,jpx_liquidity,JPX流動性,257.0,False,28460.0,28460.0,28460.0,,0,,,,,,,,,,,,,,,,,,,,False,,,,,,,,,,,,,,,,,False,,,,,,,,,,,,,,,,,False,,,,,,,,,,,,,,,,,False
2026-06-15,8338,8338.T,筑波銀行,プライム,銀行業,,74.99,,,62,,,v4,0.17512274959083474,0.24175598559722022,0.7486563118725507,0.12680477087256747,0.17298786898034924,1152310335.0,1.879178697655923,-0.012355098770266304,0.43272583661039027,True,True,True,True,True,True,True,True,True,True,True,True,jpx_liquidity,JPX流動性,553.0,False,718.0,718.0,718.0,,0,,,,,,,,,,,,,,,,,,,,False,,,,,,,,,,,,,,,,,False,,,,,,,,,,,,,,,,,False,,,,,,,,,,,,,,,,,False
2026-06-15,6143,6143.T,ソディック,プライム,機械,,74.96,99.0,,63,,,v4,0.19137625516834023,0.43049645390070923,1.237065441614344,0.09310643832646859,0.2684337955538785,1162770525.0,0.8862505813999322,0.0,0.7211939349771169,True,True,True,True,True,True,True,False,True,True,True,True,jpx_liquidity,JPX流動性,550.0,True,2017.0,2017.0,2017.0,,0,,,,,,,,,,,,,,,,,,,,False,,,,,,,,,,,,,,,,,False,,,,,,,,,,,,,,,,,False,,,,,,,,,,,,,,,,,False
2026-06-15,5384,5384.T,フジミインコーポレーテッド,プライム,ガラス・土石製品,,74.91,,,64,,,v4,0.33489827856025034,0.47527965975092723,0.8277248699391349,0.11074939774724912,0.2907941923477728,1986107575.0,0.5818737732145554,-0.002339181286549752,0.6708467357827783,True,True,True,True,True,True,True,False,True,True,True,True,jpx_liquidity,JPX流動性,421.0,False,4265.0,4265.0,4265.0,,0,,,,,,,,,,,,,,,,,,,,False,,,,,,,,,,,,,,,,,False,,,,,,,,,,,,,,,,,False,,,,,,,,,,,,,,,,,False
2026-06-15,6098,6098.T,リクルートホールディングス,プライム,サービス業,,74.74,,,65,,,v4,0.175180881385661,0.6690900824944634,0.2921794239006721,0.026397173577932476,0.29511876482005683,68196174930.0,0.4351739333644922,-0.05799648506151145,0.41928645111752516,True,True,True,True,True,True,True,False,False,True,True,True,jpx_liquidity,JPX流動性,26.0,False,10720.0,10720.0,10720.0,,0,,,,,,,,,,,,,,,,,,,,False,,,,,,,,,,,,,,,,,False,,,,,,,,,,,,,,,,,False,,,,,,,,,,,,,,,,,False
2026-06-15,4099,4099.T,四国化成ホールディングス,プライム,化学,,74.38,,,66,,,v4,0.14948453608247414,0.319526627218935,1.4140505284664648,0.08480622669044924,0.2487167522165188,1388651850.0,0.8942412962557478,0.0,0.5483317748248775,True,True,True,True,True,True,True,False,True,True,True,True,jpx_liquidity,JPX流動性,514.0,False,6690.0,6690.0,6690.0,,0,,,,,,,,,,,,,,,,,,,,False,,,,,,,,,,,,,,,,,False,,,,,,,,,,,,,,,,,False,,,,,,,,,,,,,,,,,False
2026-06-15,6141,6141.T,ＤＭＧ森精機,プライム,機械,,74.28,94.0,,67,,,v4,0.08097762073027082,0.40813195243574985,0.3981360189894274,0.0898672921058099,0.22247475378172932,4682933515.0,0.9980257335421063,-0.03975935129479469,0.5420357894625072,True,True,True,True,True,True,True,False,True,True,True,True,jpx_liquidity,JPX流動性,265.0,True,3671.0,3671.0,3671.0,,0,,,,,,,,,,,,,,,,,,,,False,,,,,,,,,,,,,,,,,False,,,,,,,,,,,,,,,,,False,,,,,,,,,,,,,,,,,False
2026-06-15,8604,8604.T,野村ホールディングス,プライム,証券、商品先物取引業,,73.92,47.0,,68,,,v4,0.13301282051282048,0.22063319563018458,0.1021160821961471,0.07115126034505614,0.09994640151452128,14545307717.5,0.9648132789280509,-0.03347782299279667,0.27517300492246266,True,True,True,True,True,True,True,False,True,True,True,True,jpx_liquidity,JPX流動性,102.0,True,1414.0,1414.0,1414.0,,0,,,,,,,,,,,,,,,,,,,,False,,,,,,,,,,,,,,,,,False,,,,,,,,,,,,,,,,,False,,,,,,,,,,,,,,,,,False
2026-06-15,6871,6871.T,日本マイクロニクス,プライム,電気機器,,73.9,,,69,,,v4,0.013384321223709472,0.4285714285714286,1.516906290317943,0.09579600275671951,0.22794146040081853,16420237000.0,1.1273601956435395,-0.04043452021726013,0.9642290014817388,True,True,True,True,True,True,True,False,True,True,False,False,jpx_liquidity,JPX流動性,90.0,False,15900.0,15900.0,15900.0,,0,,,,,,,,,,,,,,,,,,,,False,,,,,,,,,,,,,,,,,False,,,,,,,,,,,,,,,,,False,,,,,,,,,,,,,,,,,False
2026-06-15,5831,5831.T,しずおかフィナンシャルグループ,プライム,銀行業,,73.87,,,70,,,v4,0.07787946814021751,0.2530087227082112,0.30328377430247655,0.06296564349269862,0.11082022039179362,5304269275.0,1.048811964713704,0.0,0.23626891304718686,True,True,True,True,True,True,True,False,True,True,True,True,jpx_liquidity,JPX流動性,246.0,False,3121.0,3121.0,3121.0,,0,,,,,,,,,,,,,,,,,,,,False,,,,,,,,,,,,,,,,,False,,,,,,,,,,,,,,,,,False,,,,,,,,,,,,,,,,,False
2026-06-15,5076,5076.T,インフロニア・ホールディングス,プライム,建設業,,73.73,,,71,,,v4,0.07034482758620686,0.2336228932131832,0.3816094660564342,0.09992912827781719,0.18513257713629527,4704560245.0,1.0750299679526385,0.0,0.3533570116001501,True,True,True,True,True,True,True,False,True,True,True,True,jpx_liquidity,JPX流動性,264.0,False,2716.0,2716.0,2716.0,,0,,,,,,,,,,,,,,,,,,,,False,,,,,,,,,,,,,,,,,False,,,,,,,,,,,,,,,,,False,,,,,,,,,,,,,,,,,False
2026-06-15,4092,4092.T,日本化学工業,プライム,化学,,73.71,74.0,,72,,,v4,0.37346101231190154,0.6420128207186058,0.9689009722838908,0.060806170426330075,0.3397058588828745,3223692900.0,0.6081290230409626,-0.09874326750448836,1.1568813336821606,True,True,True,True,True,True,True,False,False,True,False,False,jpx_liquidity,JPX流動性,322.0,True,5020.0,5020.0,5020.0,,0,,,,,,,,,,,,,,,,,,,,False,,,,,,,,,,,,,,,,,False,,,,,,,,,,,,,,,,,False,,,,,,,,,,,,,,,,,False
2026-06-15,3046,3046.T,ジンズホールディングス,プライム,小売業,,73.69,,,73,,,v4,0.18068965517241375,0.6304761904761904,0.5849401179468958,0.049662783568362956,0.26055370115845267,2128986650.0,0.7581971234032533,-0.06140350877192979,0.4423552874140546,True,True,True,True,True,True,True,False,False,True,True,True,jpx_liquidity,JPX流動性,409.0,False,8560.0,8560.0,8560.0,,0,,,,,,,,,,,,,,,,,,,,False,,,,,,,,,,,,,,,,,False,,,,,,,,,,,,,,,,,False,,,,,,,,,,,,,,,,,False
2026-06-15,4631,4631.T,ＤＩＣ,プライム,化学,,73.51,,,74,,,v4,0.13211793832995733,0.2798982188295165,0.39326426548821103,0.049348590263797565,0.22725830981562667,3349757800.0,0.8201553135482516,0.0,0.3367727520182439,True,True,True,True,True,True,True,False,True,True,True,True,jpx_liquidity,JPX流動性,313.0,False,5030.0,5030.0,5030.0,,0,,,,,,,,,,,,,,,,,,,,False,,,,,,,,,,,,,,,,,False,,,,,,,,,,,,,,,,,False,,,,,,,,,,,,,,,,,False
2026-06-15,8381,8381.T,山陰合同銀行,プライム,銀行業,,73.48,,,75,,,v4,0.11015664477008591,0.35515333757397016,0.5408803017613877,0.05157353117147312,0.1352303750906465,1115386190.0,0.8786448925424853,0.0,0.1832734958569471,True,True,True,True,True,True,True,False,True,True,True,True,jpx_liquidity,JPX流動性,567.0,False,2197.0,2197.0,2197.0,,0,,,,,,,,,,,,,,,,,,,,False,,,,,,,,,,,,,,,,,False,,,,,,,,,,,,,,,,,False,,,,,,,,,,,,,,,,,False
2026-06-15,5310,5310.T,東洋炭素,プライム,ガラス・土石製品,,73.33,,,76,,,v4,0.2833078101071975,0.5432780847145489,0.7673306060679081,0.09435194253999346,0.29480840543881337,1648499700.0,0.6480159862974593,-0.0488081725312145,0.7201968142750939,True,True,True,True,True,True,True,False,True,True,True,True,jpx_liquidity,JPX流動性,474.0,False,8380.0,8380.0,8380.0,,0,,,,,,,,,,,,,,,,,,,,False,,,,,,,,,,,,,,,,,False,,,,,,,,,,,,,,,,,False,,,,,,,,,,,,,,,,,False
2026-06-15,8050,8050.T,セイコーグループ,プライム,精密機器,,73.17,,,77,,,v4,0.15492957746478875,0.20480537050564673,0.9619756108262365,0.08569326958440593,0.16722277050456924,2014079850.0,0.9957335418401863,-0.005390835579514808,0.492313237658494,True,True,True,True,True,True,True,False,True,True,True,True,jpx_liquidity,JPX流動性,416.0,False,7380.0,7380.0,7380.0,,0,,,,,,,,,,,,,,,,,,,,False,,,,,,,,,,,,,,,,,False,,,,,,,,,,,,,,,,,False,,,,,,,,,,,,,,,,,False
2026-06-15,7380,7380.T,十六フィナンシャルグループ,プライム,銀行業,,73.14,,,78,,,v4,0.10238907849829348,0.2924165915924768,0.7468278695543757,0.06590609089194799,0.11873077336559601,1139722005.0,1.0223671947809878,0.0,0.2542623403145925,True,True,True,True,True,True,True,False,True,True,True,True,jpx_liquidity,JPX流動性,558.0,False,2261.0,2261.0,2261.0,,0,,,,,,,,,,,,,,,,,,,,False,,,,,,,,,,,,,,,,,False,,,,,,,,,,,,,,,,,False,,,,,,,,,,,,,,,,,False
2026-06-15,4078,4078.T,堺化学工業,プライム,化学,,73.09,,,79,,,v4,0.4437781109445278,0.33403734366242577,0.5828288037629166,0.044865187435577436,0.21855578374004647,3788862350.0,1.3428646547619894,-0.24529780564263326,1.3163370447016034,True,True,True,True,True,True,True,True,False,True,False,False,jpx_liquidity,JPX流動性,293.0,False,4815.0,4815.0,4815.0,,0,,,,,,,,,,,,,,,,,,,,False,,,,,,,,,,,,,,,,,False,,,,,,,,,,,,,,,,,False,,,,,,,,,,,,,,,,,False
2026-06-15,1979,1979.T,大氣社,プライム,建設業,,73.05,,,80,,,v4,0.16814159292035402,0.37125495837109557,0.4359564916304317,0.05071639754377988,0.21872048386774723,1361650800.0,0.8106767663104739,0.0,0.31131011839535927,True,True,True,True,True,True,True,False,True,True,True,True,jpx_liquidity,JPX流動性,520.0,False,4620.0,4620.0,4620.0,,0,,,,,,,,,,,,,,,,,,,,False,,,,,,,,,,,,,,,,,False,,,,,,,,,,,,,,,,,False,,,,,,,,,,,,,,,,,False
2026-06-15,4208,4208.T,ＵＢＥ,プライム,化学,,73.01,,,81,,,v4,0.3343053530514477,0.2974862398785696,0.2913455114985912,0.08392554991539769,0.23232628454223114,5066179785.0,0.7014765936762322,0.0,0.7723731330772221,True,True,True,True,True,True,True,False,True,True,True,True,jpx_liquidity,JPX流動性,256.0,False,3203.0,3203.0,3203.0,,0,,,,,,,,,,,,,,,,,,,,False,,,,,,,,,,,,,,,,,False,,,,,,,,,,,,,,,,,False,,,,,,,,,,,,,,,,,False
2026-06-15,7180,7180.T,九州フィナンシャルグループ,プライム,銀行業,,73.0,,,82,,,v4,0.06451612903225801,0.2914709010477059,0.48396835939858707,0.038176033934252285,0.1199261748174465,2008369952.5,1.1937490752548774,0.0,0.23572730212521145,True,True,True,True,True,True,True,False,True,True,True,True,jpx_liquidity,JPX流動性,417.0,False,1468.5,1468.5,1468.5,,0,,,,,,,,,,,,,,,,,,,,False,,,,,,,,,,,,,,,,,False,,,,,,,,,,,,,,,,,False,,,,,,,,,,,,,,,,,False
2026-06-15,6999,6999.T,ＫＯＡ,プライム,電気機器,,72.75,83.0,,83,,,v4,0.2907801418439717,0.6313442270712213,0.9872099377557413,0.06757390896292836,0.33337327674432604,1931590970.0,0.5473475323828034,-0.0657084188911704,0.7229856640465516,True,True,True,True,True,True,True,False,False,True,True,True,jpx_liquidity,JPX流動性,434.0,True,2730.0,2730.0,2730.0,,0,,,,,,,,,,,,,,,,,,,,False,,,,,,,,,,,,,,,,,False,,,,,,,,,,,,,,,,,False,,,,,,,,,,,,,,,,,False
2026-06-15,7966,7966.T,リンテック,プライム,その他製品,,72.41,,,84,,,v4,0.13472485768500952,0.26579578161781536,0.4054595965252774,0.06377301432002125,0.16108902013991622,1527143450.0,1.0674526442262564,0.0,0.3565106337776801,True,True,True,True,True,True,True,False,True,True,True,True,jpx_liquidity,JPX流動性,490.0,False,5980.0,5980.0,5980.0,,0,,,,,,,,,,,,,,,,,,,,False,,,,,,,,,,,,,,,,,False,,,,,,,,,,,,,,,,,False,,,,,,,,,,,,,,,,,False
2026-06-15,2222,2222.T,寿スピリッツ,プライム,食料品,,72.22,,,85,,,v4,0.13373786407766985,0.23975683876396614,0.3072312737144889,0.09061617128581112,0.15332150033038228,1496278065.0,1.1576308880079138,-0.025250417362270405,0.3102583606663583,True,True,True,True,True,True,True,False,True,True,True,True,jpx_liquidity,JPX流動性,493.0,False,2335.5,2335.5,2335.5,,0,,,,,,,,,,,,,,,,,,,,False,,,,,,,,,,,,,,,,,False,,,,,,,,,,,,,,,,,False,,,,,,,,,,,,,,,,,False
2026-06-15,7182,7182.T,ゆうちょ銀行,プライム,銀行業,,72.08,90.0,,86,,,v4,0.07405541561712847,0.27876492021659827,0.5447240318416497,0.029081694219862397,0.13636195291951236,24381713540.0,0.7676867783130688,-0.008372093023255811,0.34238201257381967,True,True,True,True,True,True,True,False,True,True,True,True,jpx_liquidity,JPX流動性,63.0,True,3198.0,3198.0,3198.0,,0,,,,,,,,,,,,,,,,,,,,False,,,,,,,,,,,,,,,,,False,,,,,,,,,,,,,,,,,False,,,,,,,,,,,,,,,,,False
2026-06-15,5201,5201.T,ＡＧＣ,プライム,ガラス・土石製品,,71.94,,,87,,,v4,0.23921436964915221,0.30125154239379515,0.44204648154869175,0.04710705116384628,0.20150065511245407,16575948710.0,0.6072779749600219,-0.10205571098406518,0.6479404588686549,True,True,True,True,True,True,True,False,False,True,True,True,jpx_liquidity,JPX流動性,89.0,False,7382.0,7382.0,7382.0,,0,,,,,,,,,,,,,,,,,,,,False,,,,,,,,,,,,,,,,,False,,,,,,,,,,,,,,,,,False,,,,,,,,,,,,,,,,,False
2026-06-15,8233,8233.T,高島屋,プライム,小売業,,71.91,,,88,,,v4,0.1068408916218293,0.19700748129675816,0.28092066172561525,0.0753624992221047,0.11047799394206836,3071283405.0,1.985768274350581,-0.08945637086506564,0.2816770413749667,True,True,True,True,True,True,True,True,False,True,True,True,jpx_liquidity,JPX流動性,334.0,False,2160.0,2160.0,2160.0,,0,,,,,,,,,,,,,,,,,,,,False,,,,,,,,,,,,,,,,,False,,,,,,,,,,,,,,,,,False,,,,,,,,,,,,,,,,,False
2026-06-15,8366,8366.T,滋賀銀行,プライム,銀行業,,71.85,,,89,,,v4,0.10449927431059503,0.3284648927032774,0.5695097287797948,0.07882052736036305,0.14853408427681392,1565930025.0,0.8474462003128203,0.0,0.3680359432465965,True,True,True,True,True,True,True,False,True,True,True,True,jpx_liquidity,JPX流動性,485.0,False,2283.0,2283.0,2283.0,,0,,,,,,,,,,,,,,,,,,,,False,,,,,,,,,,,,,,,,,False,,,,,,,,,,,,,,,,,False,,,,,,,,,,,,,,,,,False
2026-06-15,4188,4188.T,三菱ケミカルグループ,プライム,化学,,71.82,98.0,,90,,,v4,0.12009925558312662,0.2612554500583786,0.2711712873675054,0.05462361571889174,0.14604571933823474,7164519170.0,0.8922945178420526,-0.016129032258064502,0.43089938908507047,True,True,True,True,True,True,True,False,True,True,True,True,jpx_liquidity,JPX流動性,198.0,True,1128.5,1128.5,1128.5,,0,,,,,,,,,,,,,,,,,,,,False,,,,,,,,,,,,,,,,,False,,,,,,,,,,,,,,,,,False,,,,,,,,,,,,,,,,,False
2026-06-15,6584,6584.T,三櫻工業,プライム,輸送用機器,,71.59,54.0,,91,,,v4,0.38095238095238093,0.46507111688220615,0.2585726838106468,0.10302108237339702,0.28276087653223314,1718827930.0,0.8880453010498266,-0.0993788819875776,0.8450842225699278,True,True,True,True,True,True,True,False,False,True,False,False,jpx_liquidity,JPX流動性,464.0,True,1015.0,1015.0,1015.0,,0,,,,,,,,,,,,,,,,,,,,False,,,,,,,,,,,,,,,,,False,,,,,,,,,,,,,,,,,False,,,,,,,,,,,,,,,,,False
2026-06-15,4205,4205.T,日本ゼオン,プライム,化学,,71.52,,,92,,,v4,0.07706506691278259,0.2884056531519299,0.3439185422123956,0.0801055115923921,0.19172991844441767,1912411007.5,0.8908153102274055,0.0,0.2878121265780767,True,True,True,True,True,True,True,False,True,True,True,True,jpx_liquidity,JPX流動性,438.0,False,2334.0,2334.0,2334.0,,0,,,,,,,,,,,,,,,,,,,,False,,,,,,,,,,,,,,,,,False,,,,,,,,,,,,,,,,,False,,,,,,,,,,,,,,,,,False
2026-06-15,5331,5331.T,ノリタケ,プライム,ガラス・土石製品,,71.51,,,93,,,v4,0.17543859649122817,0.2679542376105115,0.44014555109099907,0.05456453305351516,0.15913741022918404,2373834950.0,1.4547824784856733,-0.0904977375565611,0.6475219335646111,True,True,True,True,True,True,True,True,False,True,True,True,jpx_liquidity,JPX流動性,382.0,False,4020.0,4020.0,4020.0,,0,,,,,,,,,,,,,,,,,,,,False,,,,,,,,,,,,,,,,,False,,,,,,,,,,,,,,,,,False,,,,,,,,,,,,,,,,,False
2026-06-15,8591,8591.T,オリックス,プライム,その他金融業,,71.16,,,94,,,v4,0.0678435444790586,0.31417152134019677,0.4038881521050668,-0.0009148834535634975,0.142525115715483,25990550965.0,0.8022975683277358,-0.030179188934297385,0.2630604352295095,True,True,True,True,False,True,False,False,True,True,True,False,jpx_liquidity,JPX流動性,55.0,False,6170.0,6170.0,6170.0,,0,,,,,,,,,,,,,,,,,,,,False,,,,,,,,,,,,,,,,,False,,,,,,,,,,,,,,,,,False,,,,,,,,,,,,,,,,,False
2026-06-15,6448,6448.T,ブラザー工業,プライム,電気機器,,71.09,,,95,,,v4,0.08914839077185976,0.33477544595332986,0.2546889512726842,0.03393267540894951,0.16812149080890149,2909344710.0,0.8692884920155044,-0.017976373908577314,0.25413122356204826,True,True,True,True,True,True,True,False,True,True,True,True,jpx_liquidity,JPX流動性,344.0,False,3824.0,3824.0,3824.0,,0,,,,,,,,,,,,,,,,,,,,False,,,,,,,,,,,,,,,,,False,,,,,,,,,,,,,,,,,False,,,,,,,,,,,,,,,,,False
2026-06-15,5334,5334.T,日本特殊陶業,プライム,ガラス・土石製品,,71.06,,,96,,,v4,0.038559107052257735,0.37701090603558396,0.5250243690706111,0.03193607743301485,0.16855682756819368,9899657750.0,0.7859798194370685,-0.002436647173489237,0.3406913431471393,True,True,True,True,True,True,True,False,True,True,True,True,jpx_liquidity,JPX流動性,153.0,False,10235.0,10235.0,10235.0,,0,,,,,,,,,,,,,,,,,,,,False,,,,,,,,,,,,,,,,,False,,,,,,,,,,,,,,,,,False,,,,,,,,,,,,,,,,,False
2026-06-15,6966,6966.T,三井ハイテック,プライム,電気機器,,71.02,15.0,,97,,,v4,0.345505617977528,0.575657894736842,0.2449298991516069,0.15938521118237925,0.345505617977528,2926146005.0,0.16102402536747723,-0.06262230919765166,1.1059252563765194,True,True,True,True,True,True,True,False,False,False,False,False,jpx_liquidity,JPX流動性,342.0,True,958.0,958.0,958.0,,0,,,,,,,,,,,,,,,,,,,,False,,,,,,,,,,,,,,,,,False,,,,,,,,,,,,,,,,,False,,,,,,,,,,,,,,,,,False
2026-06-15,8359,8359.T,八十二長野銀行,プライム,銀行業,,70.84,,,98,,,v4,0.07424960505529232,0.2605307907760275,0.4512119509190582,0.020047359341683668,0.09457295436574031,3348259652.5,1.246531045220456,-0.02278792855676448,0.2710791530477072,True,True,True,True,True,True,True,True,True,True,True,True,jpx_liquidity,JPX流動性,314.0,False,2380.0,2380.0,2380.0,,0,,,,,,,,,,,,,,,,,,,,False,,,,,,,,,,,,,,,,,False,,,,,,,,,,,,,,,,,False,,,,,,,,,,,,,,,,,False
2026-06-15,8725,8725.T,ＭＳ＆ＡＤインシュアランスグループホールディングス,プライム,保険業,,70.66,,,99,,,v4,0.057239819004524906,0.19971024846563878,0.2823375802549333,0.06751647648745274,0.11786472426806349,23013043910.0,0.6512896248905116,0.0,0.23939059283061975,True,True,True,True,True,True,True,False,True,True,True,True,jpx_liquidity,JPX流動性,65.0,False,4673.0,4673.0,4673.0,,0,,,,,,,,,,,,,,,,,,,,False,,,,,,,,,,,,,,,,,False,,,,,,,,,,,,,,,,,False,,,,,,,,,,,,,,,,,False
2026-06-15,8601,8601.T,大和証券グループ本社,プライム,証券、商品先物取引業,,70.65,110.0,,100,,,v4,0.08725289706884798,0.13396107649861544,0.17861487423257483,0.05048243158692012,0.0586158606102527,6760612955.0,1.2714278321766779,-0.02556571486187087,0.22381648385848843,True,True,True,True,True,True,True,True,True,True,True,True,jpx_liquidity,JPX流動性,207.0,True,1595.0,1595.0,1595.0,,0,,,,,,,,,,,,,,,,,,,,False,,,,,,,,,,,,,,,,,False,,,,,,,,,,,,,,,,,False,,,,,,,,,,,,,,,,,False
2026-06-15,6976,6976.T,太陽誘電,プライム,電気機器,,90.09,6.0,,1,1.0,1.0,v4,1.6807061440088962,3.901383005120892,4.360929803636846,0.4020560095384884,1.3566653595406355,325260047195.0,1.8168280871060414,0.0,1.4734893907131663,True,True,True,True,True,True,True,True,True,False,False,False,yahoo,Yahooランキング,,,19285.0,19285.0,19285.0,,0,,,,,,,,,,,,,,,,,,,,False,,,,,,,,,,,,,,,,,False,,,,,,,,,,,,,,,,,False,,,,,,,,,,,,,,,,,False
2026-06-15,285A,285A.T,キオクシアホールディングス,プライム,電気機器,,87.25,17.0,,2,1.0,1.0,v4,0.7669582118561711,3.019898297590095,8.19211324570273,0.3185394684361289,1.0663242112919358,2741374670800.0,0.8815471255107686,0.0,0.9800285044349208,True,True,True,True,True,True,True,False,True,False,False,False,yahoo,Yahooランキング,,,90910.0,90910.0,90910.0,,0,,,,,,,,,,,,,,,,,,,,False,,,,,,,,,,,,,,,,,False,,,,,,,,,,,,,,,,,False,,,,,,,,,,,,,,,,,False
2026-06-15,8035,8035.T,東京エレクトロン,プライム,電気機器,,87.15,133.0,,3,1.0,1.0,v4,0.4770604953308972,0.8758718926581552,1.3314407791980054,0.29415531286684926,0.5180987077290049,240199486500.0,1.1478786898101183,0.0,0.7960159048230935,True,True,True,True,True,True,True,False,True,False,True,False,yahoo,Yahooランキング,,,72760.0,72760.0,72760.0,,0,,,,,,,,,,,,,,,,,,,,False,,,,,,,,,,,,,,,,,False,,,,,,,,,,,,,,,,,False,,,,,,,,,,,,,,,,,False
2026-06-15,4062,4062.T,イビデン,プライム,電気機器,,86.73,13.0,,4,1.0,1.0,v4,0.45506875599616237,1.7968270131998088,2.573711285209881,0.16651711319061668,0.653101577549906,162702354775.0,1.2059401452420424,-0.010869565217391353,1.289871078524946,True,True,True,True,True,True,True,True,True,False,False,False,yahoo,Yahooランキング,,,22750.0,22750.0,22750.0,,0,,,,,,,,,,,,,,,,,,,,False,,,,,,,,,,,,,,,,,False,,,,,,,,,,,,,,,,,False,,,,,,,,,,,,,,,,,False
2026-06-15,3436,3436.T,ＳＵＭＣＯ,プライム,金属製品,,86.04,16.0,,5,1.0,1.0,v4,0.4388368983957218,1.6639851485148514,2.202962961617459,0.1834238196687512,0.5821679927966337,51022794840.0,1.3404644700902317,-0.03453689167974883,1.2281826679870074,True,True,True,True,True,True,True,True,True,False,False,False,yahoo,Yahooランキング,,,4305.0,4305.0,4305.0,,0,,,,,,,,,,,,,,,,,,,,False,,,,,,,,,,,,,,,,,False,,,,,,,,,,,,,,,,,False,,,,,,,,,,,,,,,,,False
2026-06-15,6525,6525.T,ＫＯＫＵＳＡＩ　ＥＬＥＣＴＲＩＣ,プライム,電気機器,,85.94,32.0,,6,1.0,1.0,v4,0.48272781417510413,0.857152666009672,1.0741674617444765,0.2824954440373235,0.4817531428061008,59760095225.0,1.1828244114936752,0.0,1.035835006207348,True,True,True,True,True,True,True,False,True,False,False,False,yahoo,Yahooランキング,,,9958.0,9958.0,9958.0,,0,,,,,,,,,,,,,,,,,,,,False,,,,,,,,,,,,,,,,,False,,,,,,,,,,,,,,,,,False,,,,,,,,,,,,,,,,,False
2026-06-15,6278,6278.T,ユニオンツール,プライム,機械,,84.88,115.0,,7,1.0,1.0,v4,0.32947686116700203,0.777404169468729,1.9778882528296702,0.18871997841144195,0.45474226898696424,7865989450.0,1.2536697838944821,0.0,0.6437063487354525,True,True,True,True,True,True,True,True,True,False,True,False,yahoo,Yahooランキング,,,26430.0,26430.0,26430.0,,0,,,,,,,,,,,,,,,,,,,,False,,,,,,,,,,,,,,,,,False,,,,,,,,,,,,,,,,,False,,,,,,,,,,,,,,,,,False
2026-06-15,6981,6981.T,村田製作所,プライム,電気機器,,83.82,17.0,,8,1.0,1.0,v4,0.6302058013287959,1.8153328102010118,1.986736900259904,0.15922656772141686,0.6982456243505866,352479904945.0,0.742473815815394,-0.040991420400381284,1.209433120970407,True,True,True,True,True,True,True,False,True,False,False,False,yahoo,Yahooランキング,,,10060.0,10060.0,10060.0,,0,,,,,,,,,,,,,,,,,,,,False,,,,,,,,,,,,,,,,,False,,,,,,,,,,,,,,,,,False,,,,,,,,,,,,,,,,,False
2026-06-15,6387,6387.T,サムコ,プライム,機械,,83.52,4.0,,9,1.0,1.0,v4,0.2541254125412542,0.9289340101522843,2.6982968369829683,0.2991452991452992,0.44021224180405527,1858166750.0,3.6161167751401377,0.0,1.2444635463757472,True,True,True,True,True,True,True,True,True,False,False,False,yahoo,Yahooランキング,,,15200.0,15200.0,15200.0,,0,,,,,,,,,,,,,,,,,,,,False,,,,,,,,,,,,,,,,,False,,,,,,,,,,,,,,,,,False,,,,,,,,,,,,,,,,,False
2026-06-15,5367,5367.T,ニッカトー,スタンダード,ガラス・土石製品,,83.4,9.0,,10,1.0,1.0,v4,0.7407407407407407,0.841683158402941,1.433652855897964,0.2451980394754274,0.5889557174181954,1850231770.0,3.0613372335647773,-0.026915113871635588,1.588995021131232,True,True,True,True,True,True,True,True,True,False,False,False,yahoo,Yahooランキング,,,1410.0,1410.0,1410.0,,0,,,,,,,,,,,,,,,,,,,,False,,,,,,,,,,,,,,,,,False,,,,,,,,,,,,,,,,,False,,,,,,,,,,,,,,,,,False
2026-06-15,6146,6146.T,ディスコ,プライム,機械,,83.28,140.0,,11,1.0,1.0,v4,0.34251968503937014,0.22618038965387832,0.7564953667847081,0.23917988821943292,0.232739108283879,135611622900.0,2.413126291590243,0.0,0.7786343568239608,True,True,True,True,True,True,True,True,True,False,True,False,yahoo,Yahooランキング,,,85250.0,85250.0,85250.0,,0,,,,,,,,,,,,,,,,,,,,False,,,,,,,,,,,,,,,,,False,,,,,,,,,,,,,,,,,False,,,,,,,,,,,,,,,,,False
2026-06-15,6971,6971.T,京セラ,プライム,電気機器,,82.17,72.0,,12,1.0,1.0,v4,0.35391672547635844,0.5775730271167647,0.7263807166406588,0.12371232144556799,0.3305992372186448,29123627972.5,0.9003344799650341,-0.019422438027089206,0.47590683074654516,True,True,True,True,True,True,True,False,True,True,True,True,yahoo,Yahooランキング,,,3837.0,3837.0,3837.0,,0,,,,,,,,,,,,,,,,,,,,False,,,,,,,,,,,,,,,,,False,,,,,,,,,,,,,,,,,False,,,,,,,,,,,,,,,,,False
2026-06-15,4462,4462.T,石原ケミカル,プライム,化学,,82.12,21.0,,13,1.0,1.0,v4,0.5055762081784387,0.4945642816242688,0.6741568674327536,0.32567147351384773,0.38694627934238324,155905855.0,4.996631484392545,0.0,0.709421661179206,True,True,True,True,True,True,True,True,True,False,True,False,yahoo,Yahooランキング,,,3645.0,3645.0,3645.0,,0,,,,,,,,,,,,,,,,,,,,False,,,,,,,,,,,,,,,,,False,,,,,,,,,,,,,,,,,False,,,,,,,,,,,,,,,,,False
2026-06-15,6264,6264.T,マルマエ,プライム,機械,,81.47,20.0,,14,1.0,1.0,v4,0.2068965517241379,0.5578330893118595,1.7771262841474722,0.21154152717997765,0.3546259713033182,2456223645.0,3.173995009985111,0.0,1.0934518869956928,True,True,True,True,True,True,True,True,True,False,False,False,yahoo,Yahooランキング,,,2660.0,2660.0,2660.0,,0,,,,,,,,,,,,,,,,,,,,False,,,,,,,,,,,,,,,,,False,,,,,,,,,,,,,,,,,False,,,,,,,,,,,,,,,,,False
2026-06-15,6407,6407.T,ＣＫＤ,プライム,機械,,81.23,46.0,,15,1.0,1.0,v4,0.1861958266452648,0.6815714689984593,1.6819466916242063,0.14352030947775618,0.2797609819435216,5588580950.0,1.5087150939952547,0.0,0.7361163216209049,True,True,True,True,True,True,True,True,True,True,True,True,yahoo,Yahooランキング,,,7390.0,7390.0,7390.0,,0,,,,,,,,,,,,,,,,,,,,False,,,,,,,,,,,,,,,,,False,,,,,,,,,,,,,,,,,False,,,,,,,,,,,,,,,,,False
2026-06-15,6920,6920.T,レーザーテック,プライム,電気機器,,80.98,64.0,,16,1.0,1.0,v4,0.26472898664571876,0.2777777777777777,0.5609221089793734,0.19049086181186303,0.21088037437847307,123724643600.0,1.5164158304991298,0.0,0.8356394278088635,True,True,True,True,True,True,True,True,True,False,False,False,yahoo,Yahooランキング,,,48300.0,48300.0,48300.0,,0,,,,,,,,,,,,,,,,,,,,False,,,,,,,,,,,,,,,,,False,,,,,,,,,,,,,,,,,False,,,,,,,,,,,,,,,,,False
2026-06-15,6762,6762.T,ＴＤＫ,プライム,電気機器,,80.49,27.0,,17,1.0,1.0,v4,0.31183879093198996,0.9045490804546117,0.6855606580976408,0.06403699340084579,0.3726515292578423,67780482745.0,1.0675005054156963,-0.04986621260034052,0.8624032741722794,True,True,True,True,True,True,True,False,True,True,False,False,yahoo,Yahooランキング,,,3906.0,3906.0,3906.0,,0,,,,,,,,,,,,,,,,,,,,False,,,,,,,,,,,,,,,,,False,,,,,,,,,,,,,,,,,False,,,,,,,,,,,,,,,,,False
2026-06-15,6752,6752.T,パナソニック　ホールディングス,プライム,電気機器,,80.11,43.0,,18,1.0,1.0,v4,0.1977299880525687,0.5717925282399412,0.8576058258279655,0.09915713013088467,0.26454713772997596,45389282900.0,0.9669522896407639,0.0,0.6564540081826693,True,True,True,True,True,True,True,False,True,True,True,True,yahoo,Yahooランキング,,,4010.0,4010.0,4010.0,,0,,,,,,,,,,,,,,,,,,,,False,,,,,,,,,,,,,,,,,False,,,,,,,,,,,,,,,,,False,,,,,,,,,,,,,,,,,False
2026-06-15,8316,8316.T,三井住友フィナンシャルグループ,プライム,銀行業,,79.67,29.0,,19,1.0,1.0,v4,0.1372993719469644,0.30288810556127377,0.33092129050471963,0.07254793889487576,0.15310774193358112,96783665220.0,1.1468663503298127,0.0,0.26694423892809865,True,True,True,True,True,True,True,False,True,True,True,True,yahoo,Yahooランキング,,,6519.0,6519.0,6519.0,,0,,,,,,,,,,,,,,,,,,,,False,,,,,,,,,,,,,,,,,False,,,,,,,,,,,,,,,,,False,,,,,,,,,,,,,,,,,False
2026-06-15,5572,5572.T,Ｒｉｄｇｅ－ｉ,グロース,情報・通信業,,79.62,66.0,,20,1.0,1.0,v4,0.48245614035087714,0.518418688230009,0.5225225225225225,0.21753539137639133,0.4309502977618469,695960895.0,2.3575526308958286,-0.002949852507374673,1.2122752336229945,True,True,True,True,True,True,True,True,True,False,False,False,yahoo,Yahooランキング,,,3380.0,3380.0,3380.0,,0,,,,,,,,,,,,,,,,,,,,False,,,,,,,,,,,,,,,,,False,,,,,,,,,,,,,,,,,False,,,,,,,,,,,,,,,,,False
2026-06-15,5333,5333.T,ＮＧＫ,プライム,ガラス・土石製品,,79.36,87.0,,21,1.0,1.0,v4,0.18292030665002668,0.6599640716229405,0.9525007881283869,0.0844870139422369,0.3049947271331215,11457171515.0,0.9674825459781043,0.0,0.5920243656211659,True,True,True,True,True,True,True,False,True,True,True,True,yahoo,Yahooランキング,,,6635.0,6635.0,6635.0,,0,,,,,,,,,,,,,,,,,,,,False,,,,,,,,,,,,,,,,,False,,,,,,,,,,,,,,,,,False,,,,,,,,,,,,,,,,,False
2026-06-15,5471,5471.T,大同特殊鋼,プライム,鉄鋼,,79.2,135.0,,22,1.0,1.0,v4,0.34059945504087197,0.25940216718473286,0.5756450057490738,0.1881761978361669,0.26187496626908113,2738647872.5,1.4567573648643406,0.0,0.49303718399444124,True,True,True,True,True,True,True,True,True,False,True,False,yahoo,Yahooランキング,,,2460.0,2460.0,2460.0,,0,,,,,,,,,,,,,,,,,,,,False,,,,,,,,,,,,,,,,,False,,,,,,,,,,,,,,,,,False,,,,,,,,,,,,,,,,,False
2026-06-15,6323,6323.T,ローツェ,プライム,機械,,79.06,100.0,,23,1.0,1.0,v4,0.22685185185185186,0.5721514569883093,1.1081973405094572,0.13910767791445955,0.26016335968969106,6815084980.0,1.0578338339296611,0.0,0.7186234695259786,True,True,True,True,True,True,True,False,True,True,True,True,yahoo,Yahooランキング,,,4505.0,4505.0,4505.0,,0,,,,,,,,,,,,,,,,,,,,False,,,,,,,,,,,,,,,,,False,,,,,,,,,,,,,,,,,False,,,,,,,,,,,,,,,,,False
2026-06-15,6101,6101.T,ツガミ,プライム,機械,,78.86,126.0,,24,1.0,1.0,v4,0.15909090909090917,1.0349451428931662,1.321924488769462,0.12485230405671532,0.4380160969150868,3172868300.0,0.9863173921372899,0.0,0.6726853869907894,True,True,True,True,True,True,True,False,True,True,True,True,yahoo,Yahooランキング,,,7140.0,7140.0,7140.0,,0,,,,,,,,,,,,,,,,,,,,False,,,,,,,,,,,,,,,,,False,,,,,,,,,,,,,,,,,False,,,,,,,,,,,,,,,,,False
2026-06-15,6997,6997.T,日本ケミコン,プライム,電気機器,,78.83,22.0,,25,1.0,1.0,v4,0.627038043478261,2.1661055470718367,2.3587869373279826,0.12133342697286809,0.6957308718215176,8095688850.0,0.8603206944192473,-0.14768683274021355,1.4603642901940828,True,True,True,True,True,True,True,False,False,True,False,False,yahoo,Yahooランキング,,,4790.0,4790.0,4790.0,,0,,,,,,,,,,,,,,,,,,,,False,,,,,,,,,,,,,,,,,False,,,,,,,,,,,,,,,,,False,,,,,,,,,,,,,,,,,False
2026-06-15,6361,6361.T,荏原製作所,プライム,機械,,78.22,29.0,,26,1.0,1.0,v4,0.1598429613011778,0.3233788395904438,0.5888470266403214,0.1400115765198775,0.19612089741200367,17946148465.0,1.3440528728021552,0.0,0.7969554389681835,True,True,True,True,True,True,True,True,True,True,True,True,yahoo,Yahooランキング,,,6204.0,6204.0,6204.0,,0,,,,,,,,,,,,,,,,,,,,False,,,,,,,,,,,,,,,,,False,,,,,,,,,,,,,,,,,False,,,,,,,,,,,,,,,,,False
2026-06-15,3480,3480.T,ジェイ・エス・ビー,プライム,不動産業,,77.69,23.0,,27,1.0,1.0,v4,0.5133587786259541,1.3671641791044777,1.256045519203414,0.19535725052758512,0.44210223225786893,597615050.0,0.052103120759837175,0.0,0.7308226943992673,True,True,True,True,True,True,True,False,True,False,True,False,yahoo,Yahooランキング,,,7930.0,7930.0,7930.0,,0,,,,,,,,,,,,,,,,,,,,False,,,,,,,,,,,,,,,,,False,,,,,,,,,,,,,,,,,False,,,,,,,,,,,,,,,,,False
2026-06-15,6498,6498.T,キッツ,プライム,機械,,77.4,31.0,,28,1.0,1.0,v4,0.19183864915572224,0.37648970747562305,0.5004808329622836,0.15387235201961724,0.21655588448863305,845189835.0,1.9516707782013905,0.0,0.6440520633528153,True,True,True,True,True,True,True,True,True,True,True,True,yahoo,Yahooランキング,,,2541.0,2541.0,2541.0,,0,,,,,,,,,,,,,,,,,,,,False,,,,,,,,,,,,,,,,,False,,,,,,,,,,,,,,,,,False,,,,,,,,,,,,,,,,,False
2026-06-15,7435,7435.T,ナ・デックス,スタンダード,卸売業,,76.95,3.0,,29,1.0,1.0,v4,0.4113475177304964,0.264763313288118,0.47423975236965754,0.36508403155470615,0.27150324006994087,125644645.0,6.270654927029309,0.0,1.3602856474075609,True,True,True,True,True,True,True,True,True,False,False,False,yahoo,Yahooランキング,,,1393.0,1393.0,1393.0,,0,,,,,,,,,,,,,,,,,,,,False,,,,,,,,,,,,,,,,,False,,,,,,,,,,,,,,,,,False,,,,,,,,,,,,,,,,,False
2026-06-15,8411,8411.T,みずほフィナンシャルグループ,プライム,銀行業,,76.68,44.0,,30,1.0,1.0,v4,0.19432950191570875,0.29328770974007856,0.37783408803115903,0.05377027456442218,0.13642725536387834,88548109120.0,0.8832013133200016,0.0,0.37104394167982235,True,True,True,True,True,True,True,False,True,True,True,True,yahoo,Yahooランキング,,,7793.0,7793.0,7793.0,,0,,,,,,,,,,,,,,,,,,,,False,,,,,,,,,,,,,,,,,False,,,,,,,,,,,,,,,,,False,,,,,,,,,,,,,,,,,False
2026-06-15,4004,4004.T,レゾナック・ホールディングス,プライム,化学,,76.49,84.0,,31,1.0,1.0,v4,0.10215698022768116,0.6632007233273056,1.9090965250726732,0.04491813056506233,0.25308388974859986,71122353925.0,1.0692739544565697,-0.05424164524421593,0.7961035458373719,True,True,True,True,True,True,True,False,False,True,True,True,yahoo,Yahooランキング,,,18395.0,18395.0,18395.0,,0,,,,,,,,,,,,,,,,,,,,False,,,,,,,,,,,,,,,,,False,,,,,,,,,,,,,,,,,False,,,,,,,,,,,,,,,,,False
2026-06-15,6963,6963.T,ローム,プライム,電気機器,,76.44,135.0,,32,1.0,1.0,v4,0.26827503015681553,0.6054293610386263,1.4768195923520517,0.05622695719437831,0.29693232666195724,29444703585.0,0.7713434369554599,-0.06392450142450146,0.8710551150628546,True,True,True,True,True,True,True,False,False,True,False,False,yahoo,Yahooランキング,,,5257.0,5257.0,5257.0,,0,,,,,,,,,,,,,,,,,,,,False,,,,,,,,,,,,,,,,,False,,,,,,,,,,,,,,,,,False,,,,,,,,,,,,,,,,,False
2026-06-15,6723,6723.T,ルネサスエレクトロニクス,プライム,電気機器,,76.34,39.0,,33,1.0,1.0,v4,0.21297297297297302,0.8136997373206709,1.0733575134933457,0.043078103029528414,0.347036474734312,78184532305.0,0.7209156628770136,-0.0723439437784208,0.7869810260694676,True,True,True,True,True,True,True,False,False,True,True,True,yahoo,Yahooランキング,,,4488.0,4488.0,4488.0,,0,,,,,,,,,,,,,,,,,,,,False,,,,,,,,,,,,,,,,,False,,,,,,,,,,,,,,,,,False,,,,,,,,,,,,,,,,,False
2026-06-15,6055,6055.T,ジャパンマテリアル,プライム,サービス業,,76.14,72.0,,34,1.0,1.0,v4,0.1886429258902791,0.3645897148085835,0.5590479918961901,0.1630096995950654,0.2896140353789587,2167615425.0,1.2172163756736876,0.0,0.8472632312126936,True,True,True,True,True,True,True,True,True,True,False,False,yahoo,Yahooランキング,,,2470.0,2470.0,2470.0,,0,,,,,,,,,,,,,,,,,,,,False,,,,,,,,,,,,,,,,,False,,,,,,,,,,,,,,,,,False,,,,,,,,,,,,,,,,,False
2026-06-15,4179,4179.T,ジーネクスト,グロース,情報・通信業,,75.91,11.0,,35,1.0,1.0,v4,0.9543973941368078,1.0689655172413794,0.8461538461538463,0.6620498614958448,0.9363166953528399,171118855.0,0.11633420063602197,0.0,1.7885964997687858,True,True,True,True,True,True,True,False,True,False,False,False,yahoo,Yahooランキング,,,600.0,600.0,600.0,,0,,,,,,,,,,,,,,,,,,,,False,,,,,,,,,,,,,,,,,False,,,,,,,,,,,,,,,,,False,,,,,,,,,,,,,,,,,False
2026-06-15,8306,8306.T,三菱ＵＦＪフィナンシャル・グループ,プライム,銀行業,,75.68,10.0,,36,1.0,1.0,v4,0.08247078464106838,0.2543908106780526,0.3221550342321553,0.044038322196280566,0.11986345353881722,145965257860.0,1.1793501435597122,0.0,0.24795548928297223,True,True,True,True,True,True,True,False,True,True,True,True,yahoo,Yahooランキング,,,3242.0,3242.0,3242.0,,0,,,,,,,,,,,,,,,,,,,,False,,,,,,,,,,,,,,,,,False,,,,,,,,,,,,,,,,,False,,,,,,,,,,,,,,,,,False
2026-06-15,8750,8750.T,第一ライフグループ,プライム,保険業,,75.54,56.0,,37,1.0,1.0,v4,0.09969040247678018,0.278975932576508,0.42348153895375185,0.061058668897120416,0.16252518849241482,15640049622.5,0.9577453230098132,0.0,0.17696885605963125,True,True,True,True,True,True,True,False,True,True,True,True,yahoo,Yahooランキング,,,1776.0,1776.0,1776.0,,0,,,,,,,,,,,,,,,,,,,,False,,,,,,,,,,,,,,,,,False,,,,,,,,,,,,,,,,,False,,,,,,,,,,,,,,,,,False
2026-06-15,6266,6266.T,タツモ,プライム,機械,,75.48,28.0,,38,1.0,1.0,v4,0.07188703465982038,0.7675698560541913,1.1035306910451599,0.10625331213566502,0.37138540035694345,943916375.0,1.317479280221011,0.0,0.6852411838062225,True,True,True,True,True,True,True,True,True,True,True,True,yahoo,Yahooランキング,,,4175.0,4175.0,4175.0,,0,,,,,,,,,,,,,,,,,,,,False,,,,,,,,,,,,,,,,,False,,,,,,,,,,,,,,,,,False,,,,,,,,,,,,,,,,,False
2026-06-15,3237,3237.T,イントランス,グロース,不動産業,,75.32,69.0,,39,1.0,1.0,v4,0.17391304347826098,0.3728813559322033,0.19117647058823528,0.12970711297071125,0.20326813567714797,17495110.0,5.66950220541903,0.0,0.4708507656430655,False,False,True,True,True,True,True,True,True,True,True,False,yahoo,Yahooランキング,,,81.0,81.0,81.0,,0,,,,,,,,,,,,,,,,,,,,False,,,,,,,,,,,,,,,,,False,,,,,,,,,,,,,,,,,False,,,,,,,,,,,,,,,,,False
2026-06-15,8697,8697.T,日本取引所グループ,プライム,その他金融業,,75.25,117.0,,40,1.0,1.0,v4,0.2612303290414879,0.21897881379848227,0.29262253382014625,0.10331018083974719,0.15554475042317928,9987742852.5,1.0382456796172905,0.0,0.5102294275955336,True,True,True,True,True,True,True,False,True,True,True,True,yahoo,Yahooランキング,,,2204.0,2204.0,2204.0,,0,,,,,,,,,,,,,,,,,,,,False,,,,,,,,,,,,,,,,,False,,,,,,,,,,,,,,,,,False,,,,,,,,,,,,,,,,,False
2026-06-15,6857,6857.T,アドバンテスト,プライム,電気機器,,74.28,50.0,,41,1.0,1.0,v4,0.12504780114722758,0.22038292521680525,0.41737038641894975,0.10750350565139244,0.13000143209653148,228806494650.0,1.168885425004564,-0.066031746031746,0.6740691621306338,True,True,True,True,True,True,True,False,False,True,True,True,yahoo,Yahooランキング,,,29420.0,29420.0,29420.0,,0,,,,,,,,,,,,,,,,,,,,False,,,,,,,,,,,,,,,,,False,,,,,,,,,,,,,,,,,False,,,,,,,,,,,,,,,,,False
2026-06-15,5101,5101.T,横浜ゴム,プライム,ゴム製品,,74.24,65.0,,42,1.0,1.0,v4,0.16486324015629705,0.28839760638297873,0.20736063351482725,0.12157782022341834,0.19342239649358728,6259259340.0,1.235568565495596,-0.028940115259333488,0.5307690477418475,True,True,True,True,True,True,True,True,True,True,True,True,yahoo,Yahooランキング,,,7751.0,7751.0,7751.0,,0,,,,,,,,,,,,,,,,,,,,False,,,,,,,,,,,,,,,,,False,,,,,,,,,,,,,,,,,False,,,,,,,,,,,,,,,,,False
2026-06-15,6613,6613.T,ＱＤレーザ,グロース,電気機器,,74.21,100.0,,43,1.0,1.0,v4,0.3018335684062059,0.9229166666666666,7.546296296296296,0.03828415013686293,0.5149636168001022,28248470395.0,0.5376445345534986,-0.1659638554216868,1.549480805943025,True,True,True,True,True,True,True,False,False,True,False,False,yahoo,Yahooランキング,,,2769.0,2769.0,2769.0,,0,,,,,,,,,,,,,,,,,,,,False,,,,,,,,,,,,,,,,,False,,,,,,,,,,,,,,,,,False,,,,,,,,,,,,,,,,,False
2026-06-15,6178,6178.T,日本郵政,プライム,サービス業,,74.2,113.0,,44,1.0,1.0,v4,0.11270691333982463,0.3118378431136384,0.4331614920886382,0.07274028701845792,0.17802794772042674,16593199857.5,0.6481664396593851,-0.014020707506471108,0.2668562097368976,True,True,True,True,True,True,True,False,True,True,True,True,yahoo,Yahooランキング,,,2285.5,2285.5,2285.5,,0,,,,,,,,,,,,,,,,,,,,False,,,,,,,,,,,,,,,,,False,,,,,,,,,,,,,,,,,False,,,,,,,,,,,,,,,,,False
2026-06-15,6143,6143.T,ソディック,プライム,機械,,74.15,99.0,,45,1.0,1.0,v4,0.19137625516834023,0.43049645390070923,1.237065441614344,0.09310643832646859,0.2684337955538785,1162770525.0,0.8862505813999322,0.0,0.7211939349771169,True,True,True,True,True,True,True,False,True,True,True,True,yahoo,Yahooランキング,,,2017.0,2017.0,2017.0,,0,,,,,,,,,,,,,,,,,,,,False,,,,,,,,,,,,,,,,,False,,,,,,,,,,,,,,,,,False,,,,,,,,,,,,,,,,,False
2026-06-15,9831,9831.T,ヤマダホールディングス,プライム,小売業,,74.0,134.0,,46,1.0,1.0,v4,0.17862148527286537,0.294313424359788,0.4327327064411699,0.06467545171332567,0.18233806317670198,3080698750.6567383,0.9775779706242428,-0.025459244751510623,0.28986664360616116,True,True,True,True,True,True,True,False,True,True,True,True,yahoo,Yahooランキング,,,673.7000122070312,673.7000122070312,673.7000122070312,,0,,,,,,,,,,,,,,,,,,,,False,,,,,,,,,,,,,,,,,False,,,,,,,,,,,,,,,,,False,,,,,,,,,,,,,,,,,False
2026-06-15,3449,3449.T,テクノフレックス,スタンダード,金属製品,,74.0,125.0,,47,1.0,1.0,v4,0.2009724473257699,1.8521939953810622,2.734082954318341,0.06366181009115057,0.5526941653483084,1141871500.0,0.5435082491861171,-0.0667506297229219,0.7671606043014846,True,True,True,True,True,True,True,False,False,True,True,True,yahoo,Yahooランキング,,,7410.0,7410.0,7410.0,,0,,,,,,,,,,,,,,,,,,,,False,,,,,,,,,,,,,,,,,False,,,,,,,,,,,,,,,,,False,,,,,,,,,,,,,,,,,False
2026-06-15,9984,9984.T,ソフトバンクグループ,プライム,情報・通信業,,73.6,9.0,,48,1.0,1.0,v4,0.27641694975862685,0.9808712452224855,0.5979802108756027,0.014379493591747394,0.31725211899271755,581507590245.0,0.887677116670561,-0.17296107506950875,1.2899184713606389,True,True,True,True,True,True,True,False,False,True,False,False,yahoo,Yahooランキング,,,7139.0,7139.0,7139.0,,0,,,,,,,,,,,,,,,,,,,,False,,,,,,,,,,,,,,,,,False,,,,,,,,,,,,,,,,,False,,,,,,,,,,,,,,,,,False
2026-06-15,4691,4691.T,ワシントンホテル,スタンダード,サービス業,,73.5,27.0,,49,1.0,1.0,v4,0.12365315546434075,0.6307256116693567,0.6402204199784474,0.19606772255598037,0.19230065931764573,202854770.0,1.9974179269642198,-0.11835748792270528,0.768294930515368,True,True,True,True,True,True,True,True,False,False,True,False,yahoo,Yahooランキング,,,2190.0,2190.0,2190.0,,0,,,,,,,,,,,,,,,,,,,,False,,,,,,,,,,,,,,,,,False,,,,,,,,,,,,,,,,,False,,,,,,,,,,,,,,,,,False
2026-06-15,6999,6999.T,ＫＯＡ,プライム,電気機器,,72.67,83.0,,50,1.0,1.0,v4,0.2907801418439717,0.6313442270712213,0.9872099377557413,0.06757390896292836,0.33337327674432604,1931590970.0,0.5473475323828034,-0.0657084188911704,0.7229856640465516,True,True,True,True,True,True,True,False,False,True,True,True,yahoo,Yahooランキング,,,2730.0,2730.0,2730.0,,0,,,,,,,,,,,,,,,,,,,,False,,,,,,,,,,,,,,,,,False,,,,,,,,,,,,,,,,,False,,,,,,,,,,,,,,,,,False
2026-06-15,6134,6134.T,ＦＵＪＩ,プライム,機械,,72.65,104.0,,51,1.0,1.0,v4,0.07084680025856493,0.5791931636872365,1.3350727050782059,0.06706001326900668,0.2936262409809367,7257802810.0,0.7177530319848183,-0.004805959389643122,0.5897593779643889,True,True,True,True,True,True,True,False,True,True,True,True,yahoo,Yahooランキング,,,8283.0,8283.0,8283.0,,0,,,,,,,,,,,,,,,,,,,,False,,,,,,,,,,,,,,,,,False,,,,,,,,,,,,,,,,,False,,,,,,,,,,,,,,,,,False
2026-06-15,5889,5889.T,Ｊａｐａｎ　Ｅｙｅｗｅａｒ　Ｈｏｌｄｉｎｇｓ,プライム,小売業,,72.41,44.0,,52,1.0,1.0,v4,0.12733208955223874,0.14821852731591445,0.20549112828368932,0.13195176208874848,0.13087486450868324,258883715.0,7.786364416967199,0.0,0.5091193332802554,True,True,True,True,True,True,True,True,True,True,True,True,yahoo,Yahooランキング,,,2417.0,2417.0,2417.0,,0,,,,,,,,,,,,,,,,,,,,False,,,,,,,,,,,,,,,,,False,,,,,,,,,,,,,,,,,False,,,,,,,,,,,,,,,,,False
2026-06-15,4092,4092.T,日本化学工業,プライム,化学,,71.97,74.0,,53,1.0,1.0,v4,0.37346101231190154,0.6420128207186058,0.9689009722838908,0.060806170426330075,0.3397058588828745,3223692900.0,0.6081290230409626,-0.09874326750448836,1.1568813336821606,True,True,True,True,True,True,True,False,False,True,False,False,yahoo,Yahooランキング,,,5020.0,5020.0,5020.0,,0,,,,,,,,,,,,,,,,,,,,False,,,,,,,,,,,,,,,,,False,,,,,,,,,,,,,,,,,False,,,,,,,,,,,,,,,,,False
2026-06-15,4966,4966.T,上村工業,スタンダード,化学,,71.82,89.0,,54,1.0,1.0,v4,0.10042016806722698,0.17388879025709292,0.7706221377283917,0.11923076923076925,0.13882601209951395,1166068400.0,1.1769464105156724,0.0,0.4806338673281618,True,True,True,True,True,True,True,False,True,True,True,True,yahoo,Yahooランキング,,,26190.0,26190.0,26190.0,,0,,,,,,,,,,,,,,,,,,,,False,,,,,,,,,,,,,,,,,False,,,,,,,,,,,,,,,,,False,,,,,,,,,,,,,,,,,False
2026-06-15,8604,8604.T,野村ホールディングス,プライム,証券、商品先物取引業,,71.76,47.0,,55,1.0,1.0,v4,0.13301282051282048,0.22063319563018458,0.1021160821961471,0.07115126034505614,0.09994640151452128,14545307717.5,0.9648132789280509,-0.03347782299279667,0.27517300492246266,True,True,True,True,True,True,True,False,True,True,True,True,yahoo,Yahooランキング,,,1414.0,1414.0,1414.0,,0,,,,,,,,,,,,,,,,,,,,False,,,,,,,,,,,,,,,,,False,,,,,,,,,,,,,,,,,False,,,,,,,,,,,,,,,,,False
2026-06-15,6141,6141.T,ＤＭＧ森精機,プライム,機械,,71.49,94.0,,56,1.0,1.0,v4,0.08097762073027082,0.40813195243574985,0.3981360189894274,0.0898672921058099,0.22247475378172932,4682933515.0,0.9980257335421063,-0.03975935129479469,0.5420357894625072,True,True,True,True,True,True,True,False,True,True,True,True,yahoo,Yahooランキング,,,3671.0,3671.0,3671.0,,0,,,,,,,,,,,,,,,,,,,,False,,,,,,,,,,,,,,,,,False,,,,,,,,,,,,,,,,,False,,,,,,,,,,,,,,,,,False
2026-06-15,3441,3441.T,山王,スタンダード,金属製品,,71.21,24.0,,57,1.0,1.0,v4,0.08125502815768293,0.6521204671173939,1.5624404194470927,0.03960396039603964,0.11869485600133167,254596335.0,3.5431477949251486,-0.05651105651105648,0.8535741547477183,True,True,True,True,True,True,True,True,False,True,False,False,yahoo,Yahooランキング,,,2688.0,2688.0,2688.0,,0,,,,,,,,,,,,,,,,,,,,False,,,,,,,,,,,,,,,,,False,,,,,,,,,,,,,,,,,False,,,,,,,,,,,,,,,,,False
2026-06-15,6584,6584.T,三櫻工業,プライム,輸送用機器,,71.12,54.0,,58,1.0,1.0,v4,0.38095238095238093,0.46507111688220615,0.2585726838106468,0.10302108237339702,0.28276087653223314,1718827930.0,0.8880453010498266,-0.0993788819875776,0.8450842225699278,True,True,True,True,True,True,True,False,False,True,False,False,yahoo,Yahooランキング,,,1015.0,1015.0,1015.0,,0,,,,,,,,,,,,,,,,,,,,False,,,,,,,,,,,,,,,,,False,,,,,,,,,,,,,,,,,False,,,,,,,,,,,,,,,,,False
2026-06-15,6966,6966.T,三井ハイテック,プライム,電気機器,,70.81,15.0,,59,1.0,1.0,v4,0.345505617977528,0.575657894736842,0.2449298991516069,0.15938521118237925,0.345505617977528,2926146005.0,0.16102402536747723,-0.06262230919765166,1.1059252563765194,True,True,True,True,True,True,True,False,False,False,False,False,yahoo,Yahooランキング,,,958.0,958.0,958.0,,0,,,,,,,,,,,,,,,,,,,,False,,,,,,,,,,,,,,,,,False,,,,,,,,,,,,,,,,,False,,,,,,,,,,,,,,,,,False
2026-06-15,1961,1961.T,三機工業,プライム,建設業,,70.47,108.0,,60,1.0,1.0,v4,0.10397680198840109,0.22937381541801072,0.4511001590171724,0.15263180658276032,0.11722811491720675,1546944750.0,1.116306518975849,-0.027372262773722622,0.5081110065961739,True,True,True,True,True,True,True,False,True,True,True,True,yahoo,Yahooランキング,,,2665.0,2665.0,2665.0,,0,,,,,,,,,,,,,,,,,,,,False,,,,,,,,,,,,,,,,,False,,,,,,,,,,,,,,,,,False,,,,,,,,,,,,,,,,,False
2026-06-15,6800,6800.T,ヨコオ,プライム,電気機器,,70.45,129.0,,61,1.0,1.0,v4,0.055343511450381744,0.7932716054905071,1.4340047665955336,0.06880556629300338,0.27344135484488463,1004631350.0,0.7943145957872592,-0.007181328545781018,0.6737456445823236,True,True,True,True,True,True,True,False,True,True,True,True,yahoo,Yahooランキング,,,5530.0,5530.0,5530.0,,0,,,,,,,,,,,,,,,,,,,,False,,,,,,,,,,,,,,,,,False,,,,,,,,,,,,,,,,,False,,,,,,,,,,,,,,,,,False
2026-06-15,7182,7182.T,ゆうちょ銀行,プライム,銀行業,,70.45,90.0,,62,1.0,1.0,v4,0.07405541561712847,0.27876492021659827,0.5447240318416497,0.029081694219862397,0.13636195291951236,24381713540.0,0.7676867783130688,-0.008372093023255811,0.34238201257381967,True,True,True,True,True,True,True,False,True,True,True,True,yahoo,Yahooランキング,,,3198.0,3198.0,3198.0,,0,,,,,,,,,,,,,,,,,,,,False,,,,,,,,,,,,,,,,,False,,,,,,,,,,,,,,,,,False,,,,,,,,,,,,,,,,,False
2026-06-15,6855,6855.T,日本電子材料,スタンダード,電気機器,,70.44,95.0,,63,1.0,1.0,v4,0.13487738419618522,0.18001212255944954,1.2585178595695763,0.10587454364420834,0.19723487240660798,5681019150.0,1.0921598984278338,-0.15899036882118334,0.7178579082671982,True,True,True,True,True,True,True,False,False,True,True,True,yahoo,Yahooランキング,,,8330.0,8330.0,8330.0,,0,,,,,,,,,,,,,,,,,,,,False,,,,,,,,,,,,,,,,,False,,,,,,,,,,,,,,,,,False,,,,,,,,,,,,,,,,,False
2026-06-15,7083,7083.T,ＡＨＣグループ,グロース,サービス業,,70.2,10.0,,64,1.0,1.0,v4,0.2024128686327078,0.19123505976095623,0.033410138248847865,0.17762898779046865,0.21591396877753422,5975850.0,23.46041055718475,-0.006644518272425293,0.7088381793350164,True,False,True,True,True,True,True,True,True,False,True,False,yahoo,Yahooランキング,,,897.0,897.0,897.0,,0,,,,,,,,,,,,,,,,,,,,False,,,,,,,,,,,,,,,,,False,,,,,,,,,,,,,,,,,False,,,,,,,,,,,,,,,,,False
2026-06-15,7878,7878.T,光・彩,スタンダード,その他製品,,70.16,26.0,,65,1.0,1.0,v4,0.5230596175478066,0.021886792452830095,0.4257441523530021,0.45528804815133284,0.3357008977014895,22255905.0,130.66079295154185,-0.13757961783439487,1.1451445214166578,True,False,True,True,True,True,True,True,False,False,False,False,yahoo,Yahooランキング,,,1354.0,1354.0,1354.0,,0,,,,,,,,,,,,,,,,,,,,False,,,,,,,,,,,,,,,,,False,,,,,,,,,,,,,,,,,False,,,,,,,,,,,,,,,,,False
2026-06-15,4188,4188.T,三菱ケミカルグループ,プライム,化学,,70.09,98.0,,66,1.0,1.0,v4,0.12009925558312662,0.2612554500583786,0.2711712873675054,0.05462361571889174,0.14604571933823474,7164519170.0,0.8922945178420526,-0.016129032258064502,0.43089938908507047,True,True,True,True,True,True,True,False,True,True,True,True,yahoo,Yahooランキング,,,1128.5,1128.5,1128.5,,0,,,,,,,,,,,,,,,,,,,,False,,,,,,,,,,,,,,,,,False,,,,,,,,,,,,,,,,,False,,,,,,,,,,,,,,,,,False
2026-06-15,2801,2801.T,キッコーマン,プライム,食料品,,69.53,108.0,,67,1.0,1.0,v4,0.1087954786294596,0.19246658038820108,0.1052129031636937,0.07228257156521134,0.08199393717828962,7551519900.0,1.121685057672865,-0.03652547575199505,0.3661969081941608,True,True,True,True,True,True,True,False,True,True,True,True,yahoo,Yahooランキング,,,1569.5,1569.5,1569.5,,0,,,,,,,,,,,,,,,,,,,,False,,,,,,,,,,,,,,,,,False,,,,,,,,,,,,,,,,,False,,,,,,,,,,,,,,,,,False
2026-06-15,8601,8601.T,大和証券グループ本社,プライム,証券、商品先物取引業,,69.27,110.0,,68,1.0,1.0,v4,0.08725289706884798,0.13396107649861544,0.17861487423257483,0.05048243158692012,0.0586158606102527,6760612955.0,1.2714278321766779,-0.02556571486187087,0.22381648385848843,True,True,True,True,True,True,True,True,True,True,True,True,yahoo,Yahooランキング,,,1595.0,1595.0,1595.0,,0,,,,,,,,,,,,,,,,,,,,False,,,,,,,,,,,,,,,,,False,,,,,,,,,,,,,,,,,False,,,,,,,,,,,,,,,,,False
2026-06-15,4461,4461.T,第一工業製薬,プライム,化学,,69.19,132.0,,69,1.0,1.0,v4,0.2935883014623173,0.2853992356590007,0.3998631281924423,0.09654350417163293,0.266375929711526,1931605750.0,0.5706860431196796,-0.060350384936369794,0.744832311589225,True,True,True,True,True,True,True,False,False,True,True,True,yahoo,Yahooランキング,,,11500.0,11500.0,11500.0,,0,,,,,,,,,,,,,,,,,,,,False,,,,,,,,,,,,,,,,,False,,,,,,,,,,,,,,,,,False,,,,,,,,,,,,,,,,,False
2026-06-15,4063,4063.T,信越化学工業,プライム,化学,,69.12,81.0,,70,1.0,1.0,v4,0.07856837302153141,0.17292246383291343,0.5777213861477297,0.04760190019805277,0.09605691765774638,58394127170.0,0.8420990445233395,-0.03100179349218546,0.5419865475820892,True,True,True,True,True,True,True,False,True,True,True,True,yahoo,Yahooランキング,,,7564.0,7564.0,7564.0,,0,,,,,,,,,,,,,,,,,,,,False,,,,,,,,,,,,,,,,,False,,,,,,,,,,,,,,,,,False,,,,,,,,,,,,,,,,,False
2026-06-15,212A,212A.T,フィットイージー,プライム,サービス業,,68.46,33.0,,71,1.0,1.0,v4,0.0946519524617997,0.1316553521671453,0.10385530691709,0.1410999513295872,0.11337404549434571,315472610.0,9.14637353389786,-0.08905894634704636,0.4959533020114011,True,True,True,True,True,True,True,True,False,True,True,True,yahoo,Yahooランキング,,,2579.0,2579.0,2579.0,,0,,,,,,,,,,,,,,,,,,,,False,,,,,,,,,,,,,,,,,False,,,,,,,,,,,,,,,,,False,,,,,,,,,,,,,,,,,False
2026-06-15,6327,6327.T,北川精機,スタンダード,機械,,68.06,5.0,,72,1.0,1.0,v4,0.4554994170229305,1.2042377869334904,3.4904076738609113,0.004156053090226486,0.4099796691850104,3597538330.0,0.6656913832501118,-0.3663282571912013,1.953270019513434,True,True,True,True,True,True,True,False,False,False,False,False,yahoo,Yahooランキング,,,3745.0,3745.0,3745.0,,0,,,,,,,,,,,,,,,,,,,,False,,,,,,,,,,,,,,,,,False,,,,,,,,,,,,,,,,,False,,,,,,,,,,,,,,,,,False
2026-06-15,6668,6668.T,アドテック　プラズマ　テクノロジー,スタンダード,電気機器,,67.78,36.0,,73,1.0,1.0,v4,0.01538461538461533,0.6717325227963526,1.68584266555101,0.0802848023569851,0.27011822363061366,260141470.0,1.1111111111111112,-0.0625,0.8346533598503013,True,True,True,True,True,True,True,False,False,True,False,False,yahoo,Yahooランキング,,,3300.0,3300.0,3300.0,,0,,,,,,,,,,,,,,,,,,,,False,,,,,,,,,,,,,,,,,False,,,,,,,,,,,,,,,,,False,,,,,,,,,,,,,,,,,False
2026-06-15,9201,9201.T,日本航空,プライム,空運業,,67.2,84.0,,74,1.0,1.0,v4,0.1199920666402221,0.10677700250064359,-0.006366184893350946,0.06755645458584225,0.08995826532469398,10829198287.5,1.6968768637455642,-0.10871538803716108,0.381374993527651,True,True,True,True,True,True,True,True,False,True,True,True,yahoo,Yahooランキング,,,2823.5,2823.5,2823.5,,0,,,,,,,,,,,,,,,,,,,,False,,,,,,,,,,,,,,,,,False,,,,,,,,,,,,,,,,,False,,,,,,,,,,,,,,,,,False
2026-06-15,4043,4043.T,トクヤマ,プライム,化学,,67.13,85.0,,75,1.0,1.0,v4,0.15436849253055684,0.37469663470583847,0.2348025933124318,0.04407640182611017,0.19856505434222438,5027894815.0,0.826907606882885,-0.09284951974386335,0.7380122592395556,True,True,True,True,True,True,True,False,False,True,True,True,yahoo,Yahooランキング,,,5100.0,5100.0,5100.0,,0,,,,,,,,,,,,,,,,,,,,False,,,,,,,,,,,,,,,,,False,,,,,,,,,,,,,,,,,False,,,,,,,,,,,,,,,,,False
2026-06-15,4901,4901.T,富士フイルムホールディングス,プライム,化学,,67.04,88.0,,76,1.0,1.0,v4,0.09243964421855155,0.15788076284541153,0.0041649679466775336,0.027088373204312566,0.09184965777672605,18829739970.0,1.1460789692647,-0.030721533258173617,0.2795269722378604,True,True,True,True,True,True,True,False,True,True,True,True,yahoo,Yahooランキング,,,3439.0,3439.0,3439.0,,0,,,,,,,,,,,,,,,,,,,,False,,,,,,,,,,,,,,,,,False,,,,,,,,,,,,,,,,,False,,,,,,,,,,,,,,,,,False
2026-06-15,5110,5110.T,住友ゴム工業,プライム,ゴム製品,,66.88,99.0,,77,1.0,1.0,v4,0.18774445893089964,0.10719494409333974,-0.05122600894398166,0.12597023780095906,0.11011369221458134,5460676647.5,2.2315061967379224,-0.1844225604297225,0.45252450902386676,True,True,True,True,True,True,True,True,False,True,True,True,yahoo,Yahooランキング,,,2277.5,2277.5,2277.5,,0,,,,,,,,,,,,,,,,,,,,False,,,,,,,,,,,,,,,,,False,,,,,,,,,,,,,,,,,False,,,,,,,,,,,,,,,,,False
2026-06-15,3407,3407.T,旭化成,プライム,化学,,66.8,73.0,,78,1.0,1.0,v4,0.044082840236686405,0.12199683802516903,0.2805617652827652,0.008487411768067776,0.08093372472833793,9347220917.5,1.416729522959223,-0.05036616470109345,0.23237629448916566,True,True,True,True,True,True,True,True,False,True,True,True,yahoo,Yahooランキング,,,1764.5,1764.5,1764.5,,0,,,,,,,,,,,,,,,,,,,,False,,,,,,,,,,,,,,,,,False,,,,,,,,,,,,,,,,,False,,,,,,,,,,,,,,,,,False
2026-06-15,6315,6315.T,ＴＯＷＡ,プライム,機械,,66.53,91.0,,79,1.0,1.0,v4,0.08813928182807396,0.16580060179902167,0.47573300113328076,0.03158365283771469,0.1011095469362393,14098539130.0,1.2555755544313187,-0.1124260355029586,0.8013267064490325,True,True,True,True,True,True,True,True,False,True,False,False,yahoo,Yahooランキング,,,3000.0,3000.0,3000.0,,0,,,,,,,,,,,,,,,,,,,,False,,,,,,,,,,,,,,,,,False,,,,,,,,,,,,,,,,,False,,,,,,,,,,,,,,,,,False
2026-06-15,9202,9202.T,ＡＮＡホールディングス,プライム,空運業,,66.31,143.0,,80,1.0,1.0,v4,0.10783952889216053,0.055229535635873406,0.06490720749053103,0.05888043621652517,0.061361338372983854,7756719520.0,1.6281988281988282,-0.09578332524872457,0.32354126914264336,True,True,True,True,True,True,True,True,False,True,True,True,yahoo,Yahooランキング,,,3010.0,3010.0,3010.0,,0,,,,,,,,,,,,,,,,,,,,False,,,,,,,,,,,,,,,,,False,,,,,,,,,,,,,,,,,False,,,,,,,,,,,,,,,,,False
2026-06-15,7726,7726.T,黒田精工,スタンダード,機械,,65.84,137.0,,81,1.0,1.0,v4,0.1333333333333333,0.35668819759957215,0.2284873194039978,0.030142945929148457,0.18196483934376695,41662030.0,1.1334848976940566,-0.05957446808510636,0.6476543342594149,True,False,True,True,True,True,True,False,False,True,True,False,yahoo,Yahooランキング,,,1326.0,1326.0,1326.0,,0,,,,,,,,,,,,,,,,,,,,False,,,,,,,,,,,,,,,,,False,,,,,,,,,,,,,,,,,False,,,,,,,,,,,,,,,,,False
2026-06-15,6472,6472.T,ＮＴＮ,プライム,機械,,65.33,144.0,,82,1.0,1.0,v4,0.10095910844924028,0.3397024506408093,0.1648055266279702,0.030669653959854326,0.14711714767909334,1940216113.1636047,0.8905816493747837,-0.09011260375356034,0.4266757835263872,True,True,True,True,True,True,True,False,False,True,True,True,yahoo,Yahooランキング,,,436.20001220703125,436.20001220703125,436.20001220703125,,0,,,,,,,,,,,,,,,,,,,,False,,,,,,,,,,,,,,,,,False,,,,,,,,,,,,,,,,,False,,,,,,,,,,,,,,,,,False
2026-06-15,7183,7183.T,あんしん保証,スタンダード,その他金融業,,64.91,148.0,,83,1.0,1.0,v4,-0.0038910505836575737,0.23076923076923084,0.7902097902097902,-0.0003904724716908836,0.1973807296538821,26633210.0,2.17226305423452,-0.0038910505836575737,0.030780415003968924,False,False,False,True,False,True,False,True,True,True,True,False,yahoo,Yahooランキング,,,256.0,256.0,256.0,,0,,,,,,,,,,,,,,,,,,,,False,,,,,,,,,,,,,,,,,False,,,,,,,,,,,,,,,,,False,,,,,,,,,,,,,,,,,False
2026-06-15,4369,4369.T,トリケミカル研究所,プライム,化学,,64.69,98.0,,84,1.0,1.0,v4,0.11273792093704249,0.457614115841964,0.34029313056715327,0.03176758077654096,0.17007082007595198,3458525300.0,0.6427359781121751,-0.09090909090909094,0.7523809496627811,True,True,True,True,True,True,True,False,False,True,True,True,yahoo,Yahooランキング,,,3800.0,3800.0,3800.0,,0,,,,,,,,,,,,,,,,,,,,False,,,,,,,,,,,,,,,,,False,,,,,,,,,,,,,,,,,False,,,,,,,,,,,,,,,,,False
2026-06-15,3402,3402.T,東レ,プライム,繊維製品,,64.65,114.0,,85,1.0,1.0,v4,0.11240130051091501,0.08810180367932263,0.15519792670309474,0.06532037453016915,0.06305803574452185,5945792277.5,0.9979827787152533,-0.09825588765114335,0.4032592512238315,True,True,True,True,True,True,True,False,False,True,True,True,yahoo,Yahooランキング,,,1197.5,1197.5,1197.5,,0,,,,,,,,,,,,,,,,,,,,False,,,,,,,,,,,,,,,,,False,,,,,,,,,,,,,,,,,False,,,,,,,,,,,,,,,,,False
2026-06-15,6125,6125.T,岡本工作機械製作所,スタンダード,機械,,63.99,93.0,,86,1.0,1.0,v4,0.10229645093945727,0.2158308155876818,0.21172799186192992,0.040394088669950756,0.16269818167948302,266404625.0,0.9048302247728359,-0.031192660550458662,0.5462049629341501,True,True,True,True,True,True,True,False,True,True,True,True,yahoo,Yahooランキング,,,5280.0,5280.0,5280.0,,0,,,,,,,,,,,,,,,,,,,,False,,,,,,,,,,,,,,,,,False,,,,,,,,,,,,,,,,,False,,,,,,,,,,,,,,,,,False
2026-06-15,6594,6594.T,ニデック,プライム,電気機器,,63.75,130.0,,87,1.0,1.0,v4,0.07954095765730118,0.20654577620521897,0.3558648111332008,0.0020386049330567424,0.11215296180031786,19231590160.0,0.6597157143328468,-0.05898585719213523,0.531368706568727,True,True,True,True,True,True,True,False,False,True,True,True,yahoo,Yahooランキング,,,2728.0,2728.0,2728.0,,0,,,,,,,,,,,,,,,,,,,,False,,,,,,,,,,,,,,,,,False,,,,,,,,,,,,,,,,,False,,,,,,,,,,,,,,,,,False
2026-06-15,7261,7261.T,マツダ,プライム,輸送用機器,,63.39,79.0,,88,1.0,1.0,v4,0.11979166666666674,0.061097354376573154,0.023552277027236945,0.06256318095024138,0.10001060697152542,7932503410.0,0.9408072964329575,-0.12498625880915337,0.30031738435909294,True,True,True,True,True,True,True,False,False,True,True,True,yahoo,Yahooランキング,,,1182.5,1182.5,1182.5,,0,,,,,,,,,,,,,,,,,,,,False,,,,,,,,,,,,,,,,,False,,,,,,,,,,,,,,,,,False,,,,,,,,,,,,,,,,,False
2026-06-15,4022,4022.T,ラサ工業,プライム,化学,,62.61,39.0,,89,1.0,1.0,v4,0.06372549019607843,0.2845780667781672,0.7871483965404402,0.07367275246153082,0.1390599346683965,5124504060.0,0.7185453778085299,-0.1820580474934037,1.2130680295485576,True,True,True,True,True,True,True,False,False,True,False,False,yahoo,Yahooランキング,,,2170.0,2170.0,2170.0,,0,,,,,,,,,,,,,,,,,,,,False,,,,,,,,,,,,,,,,,False,,,,,,,,,,,,,,,,,False,,,,,,,,,,,,,,,,,False
2026-06-15,6363,6363.T,酉島製作所,プライム,機械,,62.5,48.0,,90,1.0,1.0,v4,0.04210160055671541,0.15583885875384795,0.5062150684984488,0.10856127623348266,-0.00013179003597307837,1116313525.0,1.5885734192649363,-0.14060258249641322,0.588522938397633,True,True,True,True,True,False,False,True,False,True,True,False,yahoo,Yahooランキング,,,2995.0,2995.0,2995.0,,0,,,,,,,,,,,,,,,,,,,,False,,,,,,,,,,,,,,,,,False,,,,,,,,,,,,,,,,,False,,,,,,,,,,,,,,,,,False
2026-06-15,6273,6273.T,ＳＭＣ,プライム,機械,,62.2,149.0,,91,1.0,1.0,v4,0.05016471997604066,0.07502378991202341,0.24263604447976572,0.07154589556514757,0.026559157966790314,25187652300.0,0.9074095332848633,-0.17064806054872284,0.45857193290931003,True,True,True,True,True,True,True,False,False,True,True,True,yahoo,Yahooランキング,,,70130.0,70130.0,70130.0,,0,,,,,,,,,,,,,,,,,,,,False,,,,,,,,,,,,,,,,,False,,,,,,,,,,,,,,,,,False,,,,,,,,,,,,,,,,,False
2026-06-15,6302,6302.T,住友重機械工業,プライム,機械,,61.89,82.0,,92,1.0,1.0,v4,0.03615370054893052,0.08848677669516802,0.2734641615448481,0.057164928543839366,0.05769602349576841,3889336910.0,1.6038400262565897,-0.12848272568062413,0.5694576213025803,True,True,True,True,True,True,True,True,False,True,True,True,yahoo,Yahooランキング,,,5474.0,5474.0,5474.0,,0,,,,,,,,,,,,,,,,,,,,False,,,,,,,,,,,,,,,,,False,,,,,,,,,,,,,,,,,False,,,,,,,,,,,,,,,,,False
2026-06-15,4100,4100.T,戸田工業,スタンダード,化学,,61.81,37.0,,93,1.0,1.0,v4,0.17071524966261808,0.2747979426891991,0.6035120147874307,0.006409698657153573,0.14445910290237474,498536005.0,1.0456777613220047,-0.18237511781338356,1.345767609049472,True,True,True,True,True,True,True,False,False,True,False,False,yahoo,Yahooランキング,,,1735.0,1735.0,1735.0,,0,,,,,,,,,,,,,,,,,,,,False,,,,,,,,,,,,,,,,,False,,,,,,,,,,,,,,,,,False,,,,,,,,,,,,,,,,,False
2026-06-15,1812,1812.T,鹿島建設,プライム,建設業,,61.79,50.0,,94,1.0,1.0,v4,0.08495575221238938,0.02896218271540496,0.06288593328600633,0.08763151824843418,0.032866538615457186,13365380605.0,1.4595695085162077,-0.19151062456703272,0.5784980403089136,True,True,True,True,True,True,True,True,False,True,True,True,yahoo,Yahooランキング,,,6130.0,6130.0,6130.0,,0,,,,,,,,,,,,,,,,,,,,False,,,,,,,,,,,,,,,,,False,,,,,,,,,,,,,,,,,False,,,,,,,,,,,,,,,,,False
2026-06-15,8410,8410.T,セブン銀行,プライム,銀行業,,61.52,96.0,,95,1.0,1.0,v4,0.07118899356139363,0.09038673175973,-0.02199805802053101,0.04051263476739497,0.058332724285455884,1481751022.489624,1.126408127132427,-0.057218748542158915,0.15189518034841357,False,True,True,True,True,True,True,False,False,True,True,False,yahoo,Yahooランキング,,,287.3999938964844,287.3999938964844,287.3999938964844,,0,,,,,,,,,,,,,,,,,,,,False,,,,,,,,,,,,,,,,,False,,,,,,,,,,,,,,,,,False,,,,,,,,,,,,,,,,,False
2026-06-15,7523,7523.T,アールビバン,スタンダード,小売業,,61.41,68.0,,96,1.0,1.0,v4,0.05776397515527942,0.15647773297810819,0.027904210155823117,0.04321725014548683,0.08898762666025672,3728995.0,1.1494252873563218,-0.020188258181645824,0.14510190658986633,True,False,True,True,True,True,True,False,True,True,True,False,yahoo,Yahooランキング,,,1703.0,1703.0,1703.0,,0,,,,,,,,,,,,,,,,,,,,False,,,,,,,,,,,,,,,,,False,,,,,,,,,,,,,,,,,False,,,,,,,,,,,,,,,,,False
2026-06-15,6548,6548.T,旅工房,グロース,サービス業,,60.85,2.0,,97,1.0,1.0,v4,0.3076923076923077,-0.01449275362318836,0.07086614173228356,0.24713434204493345,0.061808718282368114,35787125.0,42.59298499972118,-0.2183908045977011,1.3640551617283798,False,False,True,False,True,True,True,True,False,False,False,False,yahoo,Yahooランキング,,,136.0,136.0,136.0,,0,,,,,,,,,,,,,,,,,,,,False,,,,,,,,,,,,,,,,,False,,,,,,,,,,,,,,,,,False,,,,,,,,,,,,,,,,,False
2026-06-15,7267,7267.T,本田技研工業,プライム,輸送用機器,,60.35,33.0,,98,1.0,1.0,v4,0.08603351955307259,0.11350202084359418,-0.06431036233255583,0.024847994939022122,0.09401274335355336,28360032807.5,0.7753249810054258,-0.11518705404455176,0.3824600873298473,True,True,True,True,True,True,True,False,False,True,True,True,yahoo,Yahooランキング,,,1458.0,1458.0,1458.0,,0,,,,,,,,,,,,,,,,,,,,False,,,,,,,,,,,,,,,,,False,,,,,,,,,,,,,,,,,False,,,,,,,,,,,,,,,,,False
2026-06-15,9107,9107.T,川崎汽船,プライム,海運業,,60.08,106.0,,99,1.0,1.0,v4,0.037780401416765086,0.01885203469462593,0.25570611054429526,0.019534308276708767,0.014224432867688375,13297630945.0,1.1309318864497133,-0.06247894057531611,0.36663065847391724,True,True,True,True,True,True,True,False,False,True,True,True,yahoo,Yahooランキング,,,2637.0,2637.0,2637.0,,0,,,,,,,,,,,,,,,,,,,,False,,,,,,,,,,,,,,,,,False,,,,,,,,,,,,,,,,,False,,,,,,,,,,,,,,,,,False
2026-06-15,6994,6994.T,指月電機製作所,スタンダード,電気機器,,60.01,147.0,,100,1.0,1.0,v4,0.15593561368209263,0.08919039107301119,0.2975782539270506,0.01938517499889092,0.07625515595341414,829379480.0,1.3465123336367972,-0.17456896551724133,1.077789644592548,True,True,True,True,True,True,True,True,False,True,False,False,yahoo,Yahooランキング,,,1149.0,1149.0,1149.0,,0,,,,,,,,,,,,,,,,,,,,False,,,,,,,,,,,,,,,,,False,,,,,,,,,,,,,,,,,False,,,,,,,,,,,,,,,,,False
