trade_date,code,ticker,name,market,industry,pick_rank,score,best_yahoo_rank,selection_reason,signal_close,signal_raw_close,signal_adjusted_close,latest_price_date,observed_days,next_open_date,next_open,next_open_gap,return_1d,max_gain_1d,max_drawdown_1d,open_buy_return_1d,benchmark_return_1d,benchmark_open_buy_return_1d,excess_return_1d,open_buy_excess_return_1d,net_open_buy_return_1d_0bps,net_excess_return_1d_0bps,net_open_buy_return_1d_10bps,net_excess_return_1d_10bps,net_open_buy_return_1d_25bps,net_excess_return_1d_25bps,net_open_buy_return_1d_50bps,net_excess_return_1d_50bps,settled_1d,return_3d,max_gain_3d,max_drawdown_3d,open_buy_return_3d,benchmark_return_3d,benchmark_open_buy_return_3d,excess_return_3d,open_buy_excess_return_3d,net_open_buy_return_3d_0bps,net_excess_return_3d_0bps,net_open_buy_return_3d_10bps,net_excess_return_3d_10bps,net_open_buy_return_3d_25bps,net_excess_return_3d_25bps,net_open_buy_return_3d_50bps,net_excess_return_3d_50bps,settled_3d,return_5d,max_gain_5d,max_drawdown_5d,open_buy_return_5d,benchmark_return_5d,benchmark_open_buy_return_5d,excess_return_5d,open_buy_excess_return_5d,net_open_buy_return_5d_0bps,net_excess_return_5d_0bps,net_open_buy_return_5d_10bps,net_excess_return_5d_10bps,net_open_buy_return_5d_25bps,net_excess_return_5d_25bps,net_open_buy_return_5d_50bps,net_excess_return_5d_50bps,settled_5d,return_10d,max_gain_10d,max_drawdown_10d,open_buy_return_10d,benchmark_return_10d,benchmark_open_buy_return_10d,excess_return_10d,open_buy_excess_return_10d,net_open_buy_return_10d_0bps,net_excess_return_10d_0bps,net_open_buy_return_10d_10bps,net_excess_return_10d_10bps,net_open_buy_return_10d_25bps,net_excess_return_10d_25bps,net_open_buy_return_10d_50bps,net_excess_return_10d_50bps,settled_10d
2026-06-15,6971,6971.T,京セラ,プライム,電気機器,1,82.17,72,20日モメンタム・中期上昇・移動平均線上,3837.0,3837.0,3837.0,2026-07-02,13,2026-06-16,3820.0,-0.004430544696377381,-0.015637216575449586,-0.00026062027625750606,-0.023977065415689336,-0.011256544502617816,,,,,-0.011256544502617816,,-0.013233042670157125,,-0.016194082133507814,,-0.02111926047120416,,True,-0.038050560333594,-0.00026062027625750606,-0.04039614281991144,-0.03376963350785345,,,,,-0.03376963350785345,,-0.035701128010471206,,-0.038594746400523516,,-0.04340778141361268,,True,-0.04300234558248628,-0.00026062027625750606,-0.04612978889757624,-0.03874345549738223,,,,,-0.03874345549738223,,-0.04066500732984302,,-0.04354373036649206,,-0.048331989528795805,,True,-0.08548345061245766,-0.00026062027625750606,-0.11727912431587173,-0.08141361256544499,,,,,-0.08141361256544499,,-0.08324986675392665,,-0.08600080333769622,,-0.09057651178010473,,True
2026-06-15,6407,6407.T,ＣＫＤ,プライム,機械,2,81.23,46,20日モメンタム・中期上昇・移動平均線上,7390.0,7390.0,7390.0,2026-07-02,13,2026-06-16,7470.0,0.010825439783491264,0.010825439783491264,0.023004059539918797,-0.016238159675236785,0.0,,,,,0.0,,-0.001998999999999973,,-0.004993749999999908,,-0.009974999999999956,,True,0.06089309878213811,0.09472259810554795,-0.016238159675236785,0.04953145917001334,,,,,0.04953145917001334,,0.047433445783132466,,0.044290361445783244,,0.039062382864792466,,True,0.1069012178619757,0.11096075778078474,-0.016238159675236785,0.09504685408299873,,,,,0.09504685408299873,,0.09285785542168701,,0.08957846385542201,,0.08412376171352087,,True,0.008119079837618504,0.12719891745602174,-0.046008119079837595,-0.0026773761713521083,,,,,-0.0026773761713521083,,-0.004671024096385645,,-0.007657756024096352,,-0.012625669344042967,,True
2026-06-15,8316,8316.T,三井住友フィナンシャルグループ,プライム,銀行業,3,79.67,29,20日モメンタム・中期上昇・移動平均線上,6519.0,6519.0,6519.0,2026-07-02,13,2026-06-16,6455.0,-0.009817456665132673,-0.016873753643196765,-0.005829114894922549,-0.023930050621260968,-0.007126258714175049,,,,,-0.007126258714175049,,-0.009111013323005457,,-0.012084421959720926,,-0.017030174283501176,,True,0.03206013192207391,0.03282712072403737,-0.023930050621260968,0.04229279628195193,,,,,0.04229279628195193,,0.040209252982184474,,0.037087846630518895,,0.031895925639039424,,True,0.01932811780947996,0.03282712072403737,-0.023930050621260968,0.029434546862896926,,,,,0.029434546862896926,,0.027376707203718098,,0.024293808094500324,,0.01916593725793958,,True,-0.026844608068722242,0.03282712072403737,-0.035588280411105955,-0.017195972114639857,,,,,-0.017195972114639857,,-0.019160597366382648,,-0.022103849728892233,,-0.026999442292796272,,True
2026-06-15,5333,5333.T,ＮＧＫ,プライム,ガラス・土石製品,4,79.36,87,20日モメンタム・中期上昇・移動平均線上,6635.0,6635.0,6635.0,2026-07-02,13,2026-06-16,6669.0,0.005124340617935097,0.016880180859080607,0.025923134890730948,-0.002411454408440039,0.011695906432748648,,,,,0.011695906432748648,,0.009673526315789438,,0.006643750000000059,,0.0016042397660820384,,True,0.10143180105501126,0.10143180105501126,-0.002411454408440039,0.09581646423751677,,,,,0.09581646423751677,,0.09362592712550577,,0.09034423076923082,,0.08488569500674736,,True,0.15975885455915595,0.1605124340617936,-0.002411454408440039,0.15384615384615374,,,,,0.15384615384615374,,0.15153961538461536,,0.1480841346153845,,0.14233653846153826,,True,0.12147701582516945,0.18975131876412954,-0.002411454408440039,0.11575948418053672,,,,,0.11575948418053672,,0.11352908097165981,,0.11018766025641025,,0.10462978332583583,,True
2026-06-15,4004,4004.T,レゾナック・ホールディングス,プライム,化学,5,76.49,84,20日モメンタム・中期上昇・移動平均線上,18395.0,18395.0,18395.0,2026-07-02,13,2026-06-16,18500.0,0.0057080728458820396,-0.0057080728458820396,0.018211470508290306,-0.02147322642022287,-0.011351351351351346,,,,,-0.011351351351351346,,-0.013327659999999963,,-0.016288415540540502,,-0.02121312162162159,,True,0.0013590649633052898,0.048382712693666674,-0.04158738787714056,-0.00432432432432428,,,,,-0.00432432432432428,,-0.006314680000000017,,-0.009296479729729579,,-0.014256189189189139,,True,0.05055721663495505,0.07855395487904326,-0.04158738787714056,0.044594594594594694,,,,,0.044594594594594694,,0.042506450000000306,,0.03937815033783809,,0.03417476351351367,,True,-0.02881217722207119,0.07855395487904326,-0.09567817341668927,-0.03432432432432431,,,,,-0.03432432432432431,,-0.03625470999999991,,-0.03914666722972959,,-0.04395693918918919,,True
2026-06-17,6752,6752.T,パナソニック　ホールディングス,プライム,電気機器,1,83.51,35,20日モメンタム・中期上昇・移動平均線上,4200.0,4200.0,4200.0,2026-07-02,11,2026-06-18,4237.0,0.008809523809523823,0.02499999999999991,0.05238095238095242,0.003809523809523707,0.016049091338210975,,,,,0.016049091338210975,,0.014018009204625814,,0.010975196188340863,,0.0059140016521122,,True,0.04595238095238097,0.07380952380952377,0.003809523809523707,0.03681850365824868,,,,,0.03681850365824868,,0.03474590346943596,,0.03164089125560543,,0.02647623908425767,,True,0.06047619047619057,0.09071428571428575,-0.0011904761904761862,0.05121548265282039,,,,,0.05121548265282039,,0.04911410290299756,,0.04596597533632307,,0.04072960821335836,,True,0.13571428571428568,0.13571428571428568,-0.0011904761904761862,0.12579655416568336,,,,,0.12579655416568336,,0.123546086853906,,0.12017460762331855,,0.1145667335378806,,True
2026-06-17,6480,6480.T,日本トムソン,プライム,機械,2,82.27,56,20日モメンタム・中期上昇・移動平均線上,2316.0,2316.0,2316.0,2026-07-02,11,2026-06-18,2309.0,-0.003022452504317763,-0.010362694300518172,0.029792746113989743,-0.01856649395509502,-0.007362494586401036,,,,,-0.007362494586401036,,-0.009346776959722747,,-0.01231947812906009,,-0.017264053702901738,,True,0.11398963730569944,0.11398963730569944,-0.041882556131260795,0.11736682546556954,,,,,0.11736682546556954,,0.11513320918146386,,0.11178697488090106,,0.10622109138155067,,True,0.00993091537132984,0.11398963730569944,-0.041882556131260795,0.012992637505413684,,,,,0.012992637505413684,,0.01096766522304038,,0.007934005521871068,,0.0028880359462972738,,True,-0.016839378238341918,0.11398963730569944,-0.10319516407599305,-0.013858813339107878,,,,,-0.013858813339107878,,-0.01583010957124298,,-0.01878335588999558,,-0.023695571676050298,,True
2026-06-17,7717,7717.T,ブイ・テクノロジー,プライム,精密機器,3,81.75,66,20日モメンタム・中期上昇・移動平均線上,6780.0,6780.0,6780.0,2026-07-02,11,2026-06-18,6810.0,0.004424778761061843,0.14749262536873164,0.14749262536873164,-0.004424778761061954,0.14243759177679882,,,,,0.14243759177679882,,0.1401538590308371,,0.1367325440528635,,0.13104177679882523,,True,0.2536873156342183,0.3407079646017699,-0.004424778761061954,0.2481644640234948,,,,,0.2481644640234948,,0.24566938325991194,,0.24193144273127754,,0.23571402349486026,,True,0.1784660766961652,0.3407079646017699,-0.004424778761061954,0.17327459618208518,,,,,0.17327459618208518,,0.17092922026431712,,0.16741555616740111,,0.16157118208516885,,True,0.3097345132743363,0.5014749262536873,-0.004424778761061954,0.303964757709251,,,,,0.303964757709251,,0.3013581321585901,,0.29745308370044055,,0.2909577092511013,,True
2026-06-17,5232,5232.T,住友大阪セメント,プライム,ガラス・土石製品,4,81.35,91,20日モメンタム・中期上昇・移動平均線上,6144.0,6144.0,6144.0,2026-07-02,11,2026-06-18,6159.0,0.00244140625,-0.01529947916666663,0.06070963541666674,-0.01529947916666663,-0.017697678194512068,,,,,-0.017697678194512068,,-0.019661300535801285,,-0.022603050414028103,,-0.027496143854521815,,True,-0.01529947916666663,0.06070963541666674,-0.01920572916666663,-0.017697678194512068,,,,,-0.017697678194512068,,-0.019661300535801285,,-0.022603050414028103,,-0.027496143854521815,,True,-0.02718098958333337,0.06070963541666674,-0.04280598958333337,-0.029550251664231197,,,,,-0.029550251664231197,,-0.0314901807111545,,-0.0343964350949828,,-0.03923048790388051,,True,-0.00862630208333337,0.06070963541666674,-0.04280598958333337,-0.011040753369053413,,,,,-0.011040753369053413,,-0.013017682903068595,,-0.015979368606916622,,-0.020905621854197087,,True
2026-06-17,4320,4320.T,ＣＥホールディングス,スタンダード,情報・通信業,5,79.22,118,20日モメンタム・中期上昇・移動平均線上,1818.0,1818.0,1818.0,2026-07-01,10,2026-06-18,1849.0,0.017051705170517,-0.0110011001100109,0.017051705170517,-0.0220022002200219,-0.0275824770146024,,,,,-0.0275824770146024,,-0.0295263396430502,,-0.0324384870200106,,-0.0372823418063819,,True,-0.0033003300330033,0.017051705170517,-0.0352035203520352,-0.0200108166576528,,,,,-0.0200108166576528,,-0.0219698150351541,,-0.0249046376419684,,-0.0297862087614927,,True,-0.0308030803080308,0.017051705170517,-0.0456545654565456,-0.047052460789616,,,,,-0.047052460789616,,-0.0489574029204975,,-0.0518112425635477,,-0.0565581124932396,,True,-0.0253025302530253,0.017051705170517,-0.0544554455445545,-0.0416441319632233,,,,,-0.0416441319632233,,-0.0435598853434289,,-0.0464299215792318,,-0.0512037317468903,,True
2026-06-18,5333,5333.T,ＮＧＫ,プライム,ガラス・土石製品,1,82.13,134,20日モメンタム・中期上昇・移動平均線上,7308.0,7308.0,7308.0,2026-07-02,10,2026-06-19,7507.0,0.027230432402846283,0.003284072249589487,0.039135194307608145,0.002873563218390718,-0.0233115758625283,,,,,-0.0233115758625283,,-0.025263976022379064,,-0.028188913680564753,,-0.03305404289329961,,True,0.015873015873015817,0.069376026272578,0.002873563218390718,-0.011056347409084899,,,,,-0.011056347409084899,,-0.013033245770614155,,-0.015994884774210738,,-0.020921060343679354,,True,0.07457580733442803,0.08018609742747684,-0.003284072249589487,0.04609031570534161,,,,,0.04609031570534161,,0.04399918116424684,,0.04086640219128812,,0.03565556480618093,,True,0.011494252873563315,0.08018609742747684,-0.01819923371647514,-0.015319035566804362,,,,,-0.015319035566804362,,-0.01728741281470625,,-0.020236286132942483,,-0.025141228187025577,,True
2026-06-18,6752,6752.T,パナソニック　ホールディングス,プライム,電気機器,2,81.81,32,20日モメンタム・中期上昇・移動平均線上,4305.0,4305.0,4305.0,2026-07-02,10,2026-06-19,4445.0,0.03252032520325199,0.026480836236933758,0.03344947735191628,0.004878048780487809,-0.005849268841394806,,,,,-0.005849268841394806,,-0.007836576152980834,,-0.010813809055118084,,-0.01576592238470187,,True,-0.017421602787456414,0.04761904761904767,-0.019744483159117254,-0.0483689538807649,,,,,-0.0483689538807649,,-0.05027126434195728,,-0.053121161417322704,,-0.05786147356580429,,True,0.0708478513356563,0.08153310104529621,-0.025551684088269466,0.03712035995500562,,,,,0.03712035995500562,,0.03504715635545552,,0.031941240157480344,,0.026775084364454305,,True,0.05621370499419287,0.10801393728222997,-0.025551684088269466,0.022947131608549,,,,,0.022947131608549,,0.02090226029246356,,0.017838789370078878,,0.012743233970753609,,True
2026-06-18,6323,6323.T,ローツェ,プライム,機械,3,81.77,82,20日モメンタム・中期上昇・移動平均線上,4830.0,4830.0,4830.0,2026-07-02,10,2026-06-19,5030.0,0.04140786749482395,0.00703933747412,0.04513457556935818,-0.008281573498964856,-0.03300198807157062,,,,,-0.03300198807157062,,-0.03493501709741553,,-0.03783093439363816,,-0.042647793240556675,,True,-0.051759834368530044,0.06583850931677016,-0.051759834368530044,-0.08946322067594437,,,,,-0.08946322067594437,,-0.09128338369781319,,-0.09401021371769369,,-0.09854582504970189,,True,0.001242236024844745,0.06583850931677016,-0.09834368530020698,-0.03856858846918487,,,,,-0.03856858846918487,,-0.04049048986083503,,-0.04336973658051679,,-0.04815886679920478,,True,-0.026708074534161463,0.07639751552795038,-0.10621118012422359,-0.06540755467196824,,,,,-0.06540755467196824,,-0.06727580497017893,,-0.07007467569582504,,-0.07473011431411536,,True
2026-06-18,5991,5991.T,日本発條,プライム,金属製品,4,80.3,75,20日モメンタム・中期上昇・移動平均線上,4191.0,4191.0,4191.0,2026-07-02,10,2026-06-19,4314.0,0.029348604151753666,-0.02576950608446671,0.03555237413505119,-0.03125745645430689,-0.053546592489568834,,,,,-0.053546592489568834,,-0.055438552851182155,,-0.05827294419332396,,-0.0629874652294854,,True,-0.03268909568122169,0.03555237413505119,-0.03531376759723215,-0.06026889197960128,,,,,-0.06026889197960128,,-0.06214741446453398,,-0.06496167420027799,,-0.06964270978210474,,True,-0.042710570269625436,0.03555237413505119,-0.07492245287520882,-0.07000463606861385,,,,,-0.07000463606861385,,-0.0718636968011126,,-0.07464880041724609,,-0.07928133982382946,,True,-0.0584586017656884,0.03555237413505119,-0.08852302553089952,-0.08530366249420496,,,,,-0.08530366249420496,,-0.0871321404728791,,-0.08987142732962439,,-0.0944277584608253,,True
2026-06-18,5471,5471.T,大同特殊鋼,プライム,鉄鋼,5,77.12,79,20日モメンタム・中期上昇・移動平均線上,2533.5,2533.5,2533.5,2026-07-02,10,2026-06-19,2600.0,0.02624827313992495,0.035523978685612745,0.05052299190842713,0.0193408328399447,0.00903846153846155,,,,,0.00903846153846155,,0.007021393653846131,,0.003999575721153947,,-0.0010266971153847226,,True,0.07558713242549842,0.16814683244523376,0.0193408328399447,0.04807692307692313,,,,,0.04807692307692313,,0.04598181730769224,,0.04284308894230793,,0.037622355769230786,,True,0.16755476613380704,0.18196171304519448,0.0193408328399447,0.13769230769230778,,,,,0.13769230769230778,,0.13541806076923102,,0.13201095673076946,,0.126343826923077,,True,0.09512532070258528,0.18610617722518263,0.0193408328399447,0.06711538461538469,,,,,0.06711538461538469,,0.0649822209615385,,0.06178647716346175,,0.056470908653846186,,True
2026-06-19,6752,6752.T,パナソニック　ホールディングス,プライム,電気機器,1,83.35,40,20日モメンタム・中期上昇・移動平均線上,4419.0,4419.0,4419.0,2026-07-02,9,2026-06-22,4415.0,-0.0009051821679112448,-0.005883684091423369,0.02059289431998179,-0.00973070830504641,-0.0049830124575311885,,,,,-0.0049830124575311885,,-0.006972051415628622,,-0.009951878539071202,,-0.014908306908267388,,True,0.007920343969223698,0.03665987780040725,-0.050690201403032376,0.008833522083805168,,,,,0.008833522083805168,,0.0068168638731598286,,0.0037956596828994105,,-0.0012295922989806751,,True,0.027381760579316516,0.062004978501923436,-0.050690201403032376,0.028312570781426905,,,,,0.028312570781426905,,0.02625697395243476,,0.023177434881087144,,0.018055152887882286,,True,,,,,,,,,,,,,,,,,False
2026-06-19,5998,5998.T,アドバネクス,スタンダード,金属製品,2,81.29,131,20日モメンタム・中期上昇・移動平均線上,3245.0,3245.0,3245.0,2026-07-02,9,2026-06-22,3250.0,0.0015408320493066618,-0.0030816640986132127,0.027734976887519247,-0.023112480739599373,-0.004615384615384577,,,,,-0.004615384615384577,,-0.0066051584615384185,,-0.00958608653846138,,-0.014544346153846144,,True,-0.06933744221879812,0.027734976887519247,-0.07796610169491525,-0.0707692307692308,,,,,-0.0707692307692308,,-0.07262676307692317,,-0.07540957692307682,,-0.0800383076923078,,True,-0.06009244992295837,0.027734976887519247,-0.08659476117103238,-0.06153846153846154,,,,,-0.06153846153846154,,-0.06341444615384617,,-0.06622490384615376,,-0.07089961538461531,,True,,,,,,,,,,,,,,,,,False
2026-06-19,4203,4203.T,住友ベークライト,プライム,化学,3,80.63,88,20日モメンタム・中期上昇・移動平均線上,7710.0,7710.0,7710.0,2026-07-02,9,2026-06-22,7712.0,0.00025940337224383825,0.0014267185473411104,0.029312581063553722,-0.0035019455252918164,0.001167012448132887,,,,,0.001167012448132887,,-0.0008343204097509549,,-0.003832565320279868,,-0.008819628501037236,,True,-0.055901426718547365,0.029312581063553722,-0.06964980544747079,-0.056146265560166,,,,,-0.056146265560166,,-0.05803302917531128,,-0.060859635146524815,,-0.06556120656120334,,True,-0.012191958495460398,0.029312581063553722,-0.06964980544747079,-0.012448132780082943,,,,,-0.012448132780082943,,-0.014422248962655537,,-0.01737971991701237,,-0.022298962655601717,,True,,,,,,,,,,,,,,,,,False
2026-06-19,6361,6361.T,荏原製作所,プライム,機械,4,79.92,127,20日モメンタム・中期上昇・移動平均線上,6525.35205078125,6560.0,6525.35205078125,2026-07-02,9,2026-06-22,6530.325944130535,0.0007622413795573824,0.03277443798118829,0.04039638955300506,-0.0007621489348059729,0.031987814166031914,,,,,0.031987814166031914,,0.029924870525513958,,0.026834325019040373,,0.02169373571972577,,True,-0.04283533253451588,0.04039638955300506,-0.05213411334601359,-0.04356436735060443,,,,,-0.04356436735060443,,-0.045476282180270555,,-0.04834056779114726,,-0.05310481278628221,,True,-0.04756096657560305,0.04039638955300506,-0.06996950337352015,-0.048286402061439304,,,,,-0.048286402061439304,,-0.05018887754371848,,-0.05303902184114484,,-0.057779745200876365,,True,,,,,,,,,,,,,,,,,False
2026-06-19,3374,3374.T,内外テック,スタンダード,卸売業,5,78.34,84,20日モメンタム・中期上昇・移動平均線上,3555.0,3555.0,3555.0,2026-07-02,9,2026-06-22,3550.0,-0.0014064697609000865,-0.00421940928270037,0.016877637130801704,-0.019690576652601988,-0.0028169014084507005,,,,,-0.0028169014084507005,,-0.004810270422535234,,-0.007796584507042126,,-0.012763802816901482,,True,-0.0520393811533052,0.016877637130801704,-0.0675105485232067,-0.05070422535211272,,,,,-0.05070422535211272,,-0.05260186760563379,,-0.055444771126760495,,-0.06017345070422542,,True,-0.04641350210970463,0.016877637130801704,-0.0675105485232067,-0.04507042253521132,,,,,-0.04507042253521132,,-0.04697932676056349,,-0.04983910211267606,,-0.05459584507042259,,True,,,,,,,,,,,,,,,,,False
2026-06-22,6723,6723.T,ルネサスエレクトロニクス,プライム,電気機器,1,85.98,21,20日モメンタム・中期上昇・移動平均線上,5041.0,5041.0,5041.0,2026-07-02,8,2026-06-23,5041.0,0.0,-0.05693314818488393,0.04820472128545927,-0.05871850823249358,-0.05693314818488393,,,,,-0.05693314818488393,,-0.05881833882166232,,-0.06164258827613556,,-0.06634024003173966,,True,-0.039079547708787965,0.04820472128545927,-0.10057528268200755,-0.039079547708787965,,,,,-0.039079547708787965,,-0.04100042769291812,,-0.04387814421741709,,-0.04866472922039278,,True,-0.04582424122197981,0.04820472128545927,-0.10057528268200755,-0.04582424122197981,,,,,-0.04582424122197981,,-0.047731638563777046,,-0.05058915641737749,,-0.05534214441579066,,True,,,,,,,,,,,,,,,,,False
2026-06-22,6101,6101.T,ツガミ,プライム,機械,2,83.27,128,20日モメンタム・中期上昇・移動平均線上,7780.0,7780.0,7780.0,2026-07-02,8,2026-06-23,7880.0,0.01285347043701801,-0.029562982005141403,0.028277634961439535,-0.029562982005141403,-0.04187817258883253,,,,,-0.04187817258883253,,-0.043793458121827444,,-0.046662793464467,,-0.05143543781725901,,True,0.0,0.028277634961439535,-0.06426735218508994,-0.012690355329949221,,,,,-0.012690355329949221,,-0.014663987309644688,,-0.017620732868020128,,-0.02253876903553298,,True,-0.020565552699228773,0.028277634961439535,-0.1053984575835476,-0.032994923857868064,,,,,-0.032994923857868064,,-0.034927967005076166,,-0.03782390545685277,,-0.04264079949238586,,True,,,,,,,,,,,,,,,,,False
2026-06-22,2802,2802.T,味の素,プライム,食料品,3,82.67,73,20日モメンタム・中期上昇・移動平均線上,6160.0,6160.0,6160.0,2026-07-02,8,2026-06-23,6000.0,-0.025974025974025983,-0.08246753246753247,-0.02029220779220775,-0.08246753246753247,-0.05800000000000005,,,,,-0.05800000000000005,,-0.059883058000000045,,-0.06270411249999996,,-0.06739645000000005,,True,-0.06785714285714284,-0.02029220779220775,-0.12337662337662336,-0.04300000000000004,,,,,-0.04300000000000004,,-0.044913042999999986,,-0.0477790187499999,,-0.05254607500000008,,True,-0.05584415584415581,-0.02029220779220775,-0.12337662337662336,-0.03066666666666662,,,,,-0.03066666666666662,,-0.032604364,,-0.03550727499999995,,-0.040335766666666606,,True,,,,,,,,,,,,,,,,,False
2026-06-22,8750,8750.T,第一ライフグループ,プライム,保険業,4,78.43,78,20日モメンタム・中期上昇・移動平均線上,1834.5,1834.5,1834.5,2026-07-02,8,2026-06-23,1845.0,0.005723630417007408,-0.012264922322158589,0.013900245298446468,-0.01689833742164082,-0.01788617886178867,,,,,-0.01788617886178867,,-0.019849424390243953,,-0.02279060975609748,,-0.027682764227642376,,True,-0.07031888798037611,0.013900245298446468,-0.07985827200872175,-0.07560975609756093,,,,,-0.07560975609756093,,-0.07745761219512193,,-0.08022592987804855,,-0.08483054878048779,,True,-0.05205778141182882,0.013900245298446468,-0.07985827200872175,-0.05745257452574526,,,,,-0.05745257452574526,,-0.05933672682926827,,-0.062159420731707216,,-0.06685448509485103,,True,,,,,,,,,,,,,,,,,False
2026-06-22,8316,8316.T,三井住友フィナンシャルグループ,プライム,銀行業,5,77.24,42,20日モメンタム・中期上昇・移動平均線上,6645.0,6645.0,6645.0,2026-07-02,8,2026-06-23,6581.0,-0.009631301730624542,-0.028141459744168595,-0.001203912716328026,-0.028141459744168595,-0.01869016866737583,,,,,-0.01869016866737583,,-0.020651807020209745,,-0.023590584637593115,,-0.028478734234918757,,True,-0.04589917231000751,-0.001203912716328026,-0.04890895410082774,-0.03662057438079325,,,,,-0.03662057438079325,,-0.038546369852606066,,-0.041431450387479085,,-0.04623028415134489,,True,-0.04529721595184344,-0.001203912716328026,-0.05387509405568092,-0.03601276401762654,,,,,-0.03601276401762654,,-0.037939774502355306,,-0.04082667527731343,,-0.04562853669655065,,True,,,,,,,,,,,,,,,,,False
2026-06-23,6857,6857.T,アドバンテスト,プライム,電気機器,1,82.38,51,20日モメンタム・中期上昇・移動平均線上,31430.0,31430.0,31430.0,2026-07-02,7,2026-06-24,31100.0,-0.010499522748965928,-0.007317849188673287,0.011135857461024523,-0.03213490295895638,0.003215434083601254,,,,,0.003215434083601254,,0.0012100064308682157,,-0.0017943729903536765,,-0.006791639871382649,,True,0.03213490295895638,0.1434934775692014,-0.03213490295895638,0.04308681672025716,,,,,0.04308681672025716,,0.041001686173633534,,0.03787790192926055,,0.03268202572347256,,True,0.028953229398663627,0.1434934775692014,-0.03213490295895638,0.039871382636655905,,,,,0.039871382636655905,,0.037792679742765234,,0.034678524919614206,,0.029498665594855256,,True,,,,,,,,,,,,,,,,,False
2026-06-23,9072,9072.T,ニッコンホールディングス,プライム,陸運業,2,80.36,132,中期上昇・移動平均線上・出来高増加,6506.0,6506.0,6506.0,2026-07-02,7,2026-06-24,6450.0,-0.00860743928681218,-0.04365201352597603,0.00030740854595756595,-0.04872425453427609,-0.035348837209302375,,,,,-0.035348837209302375,,-0.037277174883720954,,-0.04016606395348832,,-0.04497123255813962,,True,-0.09944666461727636,0.00030740854595756595,-0.11005225945281283,-0.09162790697674417,,,,,-0.09162790697674417,,-0.09344374279069767,,-0.09616409011627891,,-0.10068891860465112,,True,-0.0934521979711036,0.00030740854595756595,-0.11435597909621886,-0.08558139534883724,,,,,-0.08558139534883724,,-0.0874093181395349,,-0.09014777325581391,,-0.09470272093023258,,True,,,,,,,,,,,,,,,,,False
2026-06-23,9304,9304.T,澁澤倉庫,プライム,倉庫・運輸関連業,3,80.11,124,20日モメンタム・中期上昇・移動平均線上,1607.0,1607.0,1607.0,2026-07-02,7,2026-06-24,1619.0,0.007467330429371533,-0.012445550715619147,0.012445550715619147,-0.02302426882389541,-0.019765287214329796,,,,,-0.019765287214329796,,-0.02172477640518833,,-0.0246603343113031,,-0.02954312847436691,,True,-0.013067828251400071,0.012445550715619147,-0.028002489110143136,-0.020382952439777613,,,,,-0.020382952439777613,,-0.022341206917850465,,-0.025274915071031412,,-0.030154632489190814,,True,-0.013690105787181106,0.012445550715619147,-0.031113876789047867,-0.02100061766522543,,,,,-0.02100061766522543,,-0.022957637430512712,,-0.025889495830759612,,-0.03076613650401472,,True,,,,,,,,,,,,,,,,,False
2026-06-23,8750,8750.T,第一ライフグループ,プライム,保険業,4,79.05,67,20日モメンタム・中期上昇・移動平均線上,1812.0,1812.0,1812.0,2026-07-02,7,2026-06-24,1794.0,-0.009933774834437137,-0.04635761589403975,0.0,-0.04939293598233996,-0.03678929765886285,,,,,-0.03678929765886285,,-0.038714755852842786,,-0.04159933110367886,,-0.04639732441471567,,True,-0.04718543046357615,0.0,-0.06843267108167772,-0.0376254180602007,,,,,-0.0376254180602007,,-0.03954920484949842,,-0.04243127612876241,,-0.04722510451505013,,True,-0.018487858719646755,0.0,-0.06843267108167772,-0.00863991081382387,,,,,-0.00863991081382387,,-0.01062163963210705,,-0.0135905152591973,,-0.018528727703455927,,True,,,,,,,,,,,,,,,,,False
2026-06-23,6098,6098.T,リクルートホールディングス,プライム,サービス業,5,77.36,135,20日モメンタム・中期上昇・移動平均線上,11115.0,11115.0,11115.0,2026-07-02,7,2026-06-24,11045.0,-0.00629779577147993,0.00989653621232578,0.013945119208277124,-0.02249212775528564,0.01629696695337257,,,,,0.01629696695337257,,0.014265389316432842,,0.011221833974649265,,0.0061594047080126835,,True,-0.006747638326585648,0.02878992352676568,-0.02249212775528564,-0.00045269352648258376,,,,,-0.00045269352648258376,,-0.002450788592123221,,-0.005444182888184601,,-0.010423177908555958,,True,0.01934322986954573,0.04993252361673406,-0.02249212775528564,0.02580353100950661,,,,,0.02580353100950661,,0.023752949751018493,,0.02068092462652804,,0.015571140787686621,,True,,,,,,,,,,,,,,,,,False
2026-06-24,6752,6752.T,パナソニック　ホールディングス,プライム,電気機器,1,87.22,23,20日モメンタム・中期上昇・移動平均線上,4454.0,4454.0,4454.0,2026-07-02,6,2026-06-25,4469.0,0.003367759317467467,0.035024696901661434,0.04535249214189485,0.00022451728783123848,0.03155068247930193,,,,,0.03155068247930193,,0.029488612665025782,,0.026399376258670948,,0.021260964421570883,,True,-0.013695554557700995,0.05365963179164801,-0.04018859452177814,-0.01700604162004926,,,,,-0.01700604162004926,,-0.018971046542850756,,-0.021914867699709073,,-0.026811406354889322,,True,0.0709474629546476,0.0709474629546476,-0.04018859452177814,0.06735287536361612,,,,,0.06735287536361612,,0.06521923696576426,,0.06202278194226918,,0.05670603043186406,,True,,,,,,,,,,,,,,,,,False
2026-06-24,3099,3099.T,三越伊勢丹ホールディングス,プライム,小売業,2,81.93,145,20日モメンタム・中期上昇・移動平均線上,4019.0,4019.0,4019.0,2026-07-02,6,2026-06-25,4089.0,0.01741726797710874,0.028116446877332724,0.03508335406817609,0.0032346354814629663,0.010516018586451459,,,,,0.010516018586451459,,0.008495997065297134,,0.005469754218635492,,0.0004361213010517506,,True,0.03632744463796955,0.039810898233391345,0.0032346354814629663,0.0185864514551235,,,,,0.0185864514551235,,0.016550297138664627,,0.013499885363169595,,0.008426051601858608,,True,-0.005722816621050009,0.043045533714854534,-0.021895994028365284,-0.022743947175348445,,,,,-0.022743947175348445,,-0.024697482024944928,,-0.02762411958914146,,-0.03249207630227435,,True,,,,,,,,,,,,,,,,,False
2026-06-24,7762,7762.T,シチズン時計,プライム,精密機器,3,80.15,66,20日モメンタム・中期上昇・移動平均線上,2467.0,2467.0,2467.0,2026-07-02,6,2026-06-25,2470.0,0.001216051884880498,0.03202269963518445,0.04053506282934749,-0.0044588569112281595,0.03076923076923066,,,,,0.03076923076923066,,0.02870872307692296,,0.025621826923077018,,0.020487307692307777,,True,-0.0056749087961086575,0.04377786785569526,-0.02634779083907579,-0.006882591093117396,,,,,-0.006882591093117396,,-0.008867832793522212,,-0.011841971153845998,,-0.01678893724696362,,True,-0.012971220105391201,0.04377786785569526,-0.03445480340494522,-0.014170040485829927,,,,,-0.014170040485829927,,-0.01614071457489874,,-0.019093028846153715,,-0.024003694331983794,,True,,,,,,,,,,,,,,,,,False
2026-06-24,7173,7173.T,東京きらぼしフィナンシャルグループ,プライム,銀行業,4,79.8,132,20日モメンタム・中期上昇・移動平均線上,1666.25,13330.0,1666.25,2026-07-02,6,2026-06-25,1703.75,0.022505626406601698,0.04351087771942996,0.05326331582895727,0.022505626406601698,0.02054292002934699,,,,,0.02054292002934699,,0.018502854732208363,,0.015446583822450677,,0.010363004402054177,,True,0.13248312078019508,0.13248312078019508,0.022505626406601698,0.10755685986793839,,,,,0.10755685986793839,,0.10534285370506247,,0.10202599779897303,,0.09650898019075571,,True,0.05626406601650413,0.15228807201800443,0.022505626406601698,0.03301540719002194,,,,,0.03301540719002194,,0.030950409391049094,,0.027856786500366937,,0.02271107850330134,,True,,,,,,,,,,,,,,,,,False
2026-06-24,2501,2501.T,サッポロホールディングス,プライム,食料品,5,79.19,71,20日モメンタム・中期上昇・移動平均線上,1935.579345703125,1954.5,1935.579345703125,2026-07-02,6,2026-06-25,1959.346948799094,0.012279322544297422,0.042977709884533866,0.04374516956803998,0.005116365498242237,0.030326004548900665,,,,,0.030326004548900665,,0.028266382865807405,,0.025180814063684664,,0.020048502653525313,,True,0.05446465138765966,0.09140449586302357,0.005116365498242237,0.04167360520348473,,,,,0.04167360520348473,,0.039591299666682955,,0.03647174763749983,,0.03128291099157998,,True,-0.03284770828138228,0.09140449586302357,-0.03930572304980251,-0.044579623252854694,,,,,-0.044579623252854694,,-0.04648950858597223,,-0.0493507537592357,,-0.05410994151090742,,True,,,,,,,,,,,,,,,,,False
2026-06-25,6752,6752.T,パナソニック　ホールディングス,プライム,電気機器,1,83.53,35,20日モメンタム・中期上昇・移動平均線上,4610.0,4610.0,4610.0,2026-07-02,5,2026-06-26,4570.0,-0.008676789587852451,-0.015184381778741818,0.018004338394793873,-0.03449023861171363,-0.006564551422319487,,,,,-0.006564551422319487,,-0.00855042888402624,,-0.01152551969365423,,-0.016474070021881837,,True,-0.023427331887201697,0.018004338394793873,-0.07266811279826468,-0.014879649890590763,,,,,-0.014879649890590763,,-0.016848905470459474,,-0.019799094638949577,,-0.0247062253829321,,True,-0.013665943600867703,0.03470715835141003,-0.07266811279826468,-0.005032822757111588,,,,,-0.005032822757111588,,-0.007021762144420185,,-0.01000144009846815,,-0.014957620350109502,,True,,,,,,,,,,,,,,,,,False
2026-06-25,166A,166A.T,タスキホールディングス,グロース,不動産業,2,76.75,130,20日モメンタム・中期上昇・移動平均線上,1228.0,1228.0,1228.0,2026-07-02,5,2026-06-26,1228.0,0.0,-0.03338762214983715,0.0024429967426709,-0.039087947882736174,-0.03338762214983715,,,,,-0.03338762214983715,,-0.03531988029315958,,-0.038214642711726254,,-0.043029580618892505,,True,-0.023615635179153105,0.0024429967426709,-0.06351791530944628,-0.023615635179153105,,,,,-0.023615635179153105,,-0.025567427524429975,,-0.02849145460097713,,-0.03335506921824105,,True,-0.07736156351791534,0.004885993485342022,-0.07736156351791534,-0.07736156351791534,,,,,-0.07736156351791534,,-0.07920591775244301,,-0.08196898921009765,,-0.0865648819218241,,True,,,,,,,,,,,,,,,,,False
2026-06-25,6407,6407.T,ＣＫＤ,プライム,機械,3,76.27,147,20日モメンタム・中期上昇・移動平均線上,7840.0,7840.0,7840.0,2026-07-02,5,2026-06-26,7690.0,-0.01913265306122447,-0.058673469387755084,0.0,-0.0803571428571429,-0.04031209362808841,,,,,-0.04031209362808841,,-0.04223050975292586,,-0.04510453511053303,,-0.049884980494148246,,True,-0.04719387755102045,0.0,-0.10076530612244894,-0.02860858257477239,,,,,-0.02860858257477239,,-0.030550394018205362,,-0.03345946846553949,,-0.03829821196358907,,True,-0.04846938775510201,0.010204081632652962,-0.10076530612244894,-0.02990897269180759,,,,,-0.02990897269180759,,-0.03184818465539663,,-0.03475336475942781,,-0.03958563068920673,,True,,,,,,,,,,,,,,,,,False
2026-06-25,6058,6058.T,ベクトル,プライム,サービス業,4,76.21,106,20日モメンタム・中期上昇・移動平均線上,1679.0,1679.0,1679.0,2026-07-02,5,2026-06-26,1672.0,-0.004169148302561099,0.003573555687909513,0.03752233472304933,-0.012507444907683185,0.007775119617224879,,,,,0.007775119617224879,,0.00576057715311018,,0.0027425426136364894,,-0.0022774372009569666,,True,0.04169148302561054,0.05658129839189985,-0.012507444907683185,0.046052631578947345,,,,,0.046052631578947345,,0.04396157236842102,,0.04082890625000002,,0.03561825657894735,,True,0.11078022632519358,0.1179273377010126,-0.012507444907683185,0.11543062200956933,,,,,0.11543062200956933,,0.11320087619617225,,0.10986044034090914,,0.10430420155502373,,True,,,,,,,,,,,,,,,,,False
2026-06-25,4368,4368.T,扶桑化学工業,プライム,化学,5,75.96,127,20日モメンタム・中期上昇・移動平均線上,4815.0,4815.0,4815.0,2026-07-02,5,2026-06-26,4745.0,-0.014537902388369717,-0.036344755970924236,0.008307372793354029,-0.04880581516095539,-0.02212855637513167,,,,,-0.02212855637513167,,-0.024083321390937718,,-0.027011801896733245,,-0.03188282402528975,,True,-0.06542056074766356,0.008307372793354029,-0.09657320872274144,-0.05163329820864071,,,,,-0.05163329820864071,,-0.053529083245521636,,-0.05636920442571114,,-0.061093256059009615,,True,-0.10799584631360337,0.008307372793354029,-0.11318795430944961,-0.09483667017913588,,,,,-0.09483667017913588,,-0.0966460916754478,,-0.09935682955742875,,-0.103865674394099,,True,,,,,,,,,,,,,,,,,False
2026-06-26,6752,6752.T,パナソニック　ホールディングス,プライム,電気機器,1,84.57,35,20日モメンタム・中期上昇・移動平均線上,4540.0,4540.0,4540.0,2026-07-02,4,2026-06-29,4487.0,-0.011674008810572678,-0.03237885462555068,-0.008810572687224627,-0.05837004405286339,-0.020949409404947605,,,,,-0.020949409404947605,,-0.022906531535547114,,-0.02583854329173152,,-0.030715439046133164,,True,0.05066079295154191,0.05066079295154191,-0.05837004405286339,0.06307109427234225,,,,,0.06307109427234225,,0.06094601515489195,,0.05776238299531977,,0.0524669601069756,,True,,,,,,,,,,,,,,,,,False,,,,,,,,,,,,,,,,,False
2026-06-26,7173,7173.T,東京きらぼしフィナンシャルグループ,プライム,銀行業,2,83.69,104,20日モメンタム・中期上昇・移動平均線上,1796.25,14370.0,1796.25,2026-07-02,4,2026-06-29,1804.0,0.0043145441892831204,0.050521920668058495,0.050521920668058495,-0.03020180932498262,0.046008869179600786,,,,,0.046008869179600786,,0.04391789745011088,,0.04078536238913544,,0.035574930709534325,,True,-0.02018093249826025,0.06889352818371597,-0.03131524008350728,-0.024390243902439046,,,,,-0.024390243902439046,,-0.026340487804878077,,-0.029262195121951162,,-0.034121951219512225,,True,,,,,,,,,,,,,,,,,False,,,,,,,,,,,,,,,,,False
2026-06-26,6361,6361.T,荏原製作所,プライム,機械,3,79.58,122,20日モメンタム・中期上昇・移動平均線上,6215.0,6248.0,6215.0,2026-07-02,4,2026-06-29,6155.0,-0.0096540627514079,-0.00820595333869667,0.0027353177795654826,-0.03716814159292037,0.0014622258326564275,,,,,0.0014622258326564275,,-0.0005396971567831477,,-0.003538826157595265,,-0.008527359870024398,,True,0.013676588897827857,0.03684633950120686,-0.03716814159292037,0.023558082859463925,,,,,0.023558082859463925,,0.021511990251827928,,0.018446689683184525,,0.013348090982940652,,True,,,,,,,,,,,,,,,,,False,,,,,,,,,,,,,,,,,False
2026-06-26,4680,4680.T,ラウンドワン,プライム,サービス業,4,78.57,120,20日モメンタム・中期上昇・移動平均線上,1133.5,1138.0,1133.5,2026-07-02,4,2026-06-29,1161.5,0.024702249669166232,0.03881782090868979,0.05690339655932952,0.024261138067931176,0.013775290572535459,,,,,0.013775290572535459,,0.011748753766680942,,0.008712750215239096,,0.0036628820490745007,,True,0.03352448169386846,0.05690339655932952,0.01058667842964267,0.0086095566078348,,,,,0.0086095566078348,,0.0065933461041758346,,0.0035728126345244693,,-0.0014513237193284345,,True,,,,,,,,,,,,,,,,,False,,,,,,,,,,,,,,,,,False
2026-06-26,2802,2802.T,味の素,プライム,食料品,5,77.02,111,20日モメンタム・中期上昇・移動平均線上,5721.0,5721.0,5721.0,2026-07-02,4,2026-06-29,5706.0,-0.002621919244887305,0.016605488550952563,0.020625764726446505,-0.009438909281594077,0.019277953031896278,,,,,0.019277953031896278,,0.017240416403785597,,0.01418793375394345,,0.009110655450403016,,True,0.07935675581192103,0.10312882363223208,-0.009438909281594077,0.08219418156326674,,,,,0.08219418156326674,,0.08003087539432174,,0.07678997436908519,,0.07139929460217331,,True,,,,,,,,,,,,,,,,,False,,,,,,,,,,,,,,,,,False
2026-06-29,6752,6752.T,パナソニック　ホールディングス,プライム,電気機器,1,84.91,31,20日モメンタム・中期上昇・移動平均線上,4393.0,4393.0,4393.0,2026-07-02,3,2026-06-30,4401.0,0.0018210789893011725,0.024812201229228226,0.053949465058046986,-0.006146141588891374,0.02294932969779606,,,,,0.02294932969779606,,0.02090445398773011,,0.017840976482617954,,0.01274541013406072,,True,0.03505577054404729,0.08581834737081717,-0.006146141588891374,0.03317427857305155,,,,,0.03317427857305155,,0.03110896319018419,,0.028014864519427363,,0.022868365144285363,,True,,,,,,,,,,,,,,,,,False,,,,,,,,,,,,,,,,,False
2026-06-29,3093,3093.T,トレジャー・ファクトリー,プライム,小売業,2,83.27,62,20日モメンタム・中期上昇・移動平均線上,2241.0,2241.0,2241.0,2026-07-02,3,2026-06-30,2252.0,0.0049085229808121245,0.0035698348951360703,0.02632753235162877,-0.012940651494868338,-0.001332149200710453,,,,,-0.001332149200710453,,-0.00332848623445825,,-0.0063192467806392205,,-0.011293861012433348,,True,-0.01740294511378848,0.04730031236055332,-0.022757697456492587,-0.022202486678507993,,,,,-0.022202486678507993,,-0.0241571039076377,,-0.027085363010657115,,-0.031956016873889936,,True,,,,,,,,,,,,,,,,,False,,,,,,,,,,,,,,,,,False
2026-06-29,9502,9502.T,中部電力,プライム,電気・ガス業,3,81.39,93,中期上昇・移動平均線上・出来高増加,3044.0,3044.0,3044.0,2026-07-02,3,2026-06-30,3041.0,-0.000985545335085436,0.005256241787122251,0.01872536136662295,-0.0238173455978975,0.006247944755014778,,,,,0.006247944755014778,,0.0042364551134495,,0.001222994080894546,,-0.003789378493916473,,True,0.021024967148488782,0.052233902759526885,-0.0238173455978975,0.022032226241367914,,,,,0.022032226241367914,,0.019989183821111478,,0.01692845281157518,,0.01183745478461029,,True,,,,,,,,,,,,,,,,,False,,,,,,,,,,,,,,,,,False
2026-06-29,5463,5463.T,丸一鋼管,プライム,鉄鋼,4,79.63,45,中期上昇・移動平均線上・出来高増加,1869.5,1869.5,1869.5,2026-07-02,3,2026-06-30,1830.0,-0.021128644022465948,0.0034768654720513936,0.012035303557100807,-0.030221984487830977,0.025136612021857907,,,,,0.025136612021857907,,0.02308736393442623,,0.020017336065573987,,0.014910874316939937,,True,0.014174913078363272,0.0390478737630382,-0.030221984487830977,0.0360655737704918,,,,,0.0360655737704918,,0.033994478688524676,,0.03089172131147566,,0.02573081967213109,,True,,,,,,,,,,,,,,,,,False,,,,,,,,,,,,,,,,,False
2026-06-29,8750,8750.T,第一ライフグループ,プライム,保険業,5,78.6,24,中期上昇・移動平均線上・出来高増加,1739.0,1739.0,1739.0,2026-07-02,3,2026-06-30,1759.0,0.011500862564692405,0.022714203565267432,0.030764807360551982,0.0023001725129385697,0.011085844229675956,,,,,0.011085844229675956,,0.009064683627060921,,0.006036734295054025,,0.0010002629334848745,,True,0.049166187464059874,0.05836687751581371,0.0023001725129385697,0.03723706651506542,,,,,0.03723706651506542,,0.0351636296191018,,0.03205736391415592,,0.02689062677657761,,True,,,,,,,,,,,,,,,,,False,,,,,,,,,,,,,,,,,False
2026-06-30,6101,6101.T,ツガミ,プライム,機械,1,82.44,84,20日モメンタム・中期上昇・移動平均線上,8030.0,8030.0,8030.0,2026-07-02,2,2026-07-01,8200.0,0.021170610211706187,0.018679950186799577,0.07471980074719808,0.014943960149439661,-0.0024390243902439046,,,,,-0.0024390243902439046,,-0.004433148780487839,,-0.007420594512195011,,-0.012389695121951205,,True,,,,,,,,,,,,,,,,,False,,,,,,,,,,,,,,,,,False,,,,,,,,,,,,,,,,,False
2026-06-30,6752,6752.T,パナソニック　ホールディングス,プライム,電気機器,2,81.56,40,20日モメンタム・中期上昇・移動平均線上,4502.0,4502.0,4502.0,2026-07-02,2,2026-07-01,4642.0,0.031097290093291763,0.0595290981785872,0.0595290981785872,0.017325633051976874,0.027574321413184055,,,,,0.027574321413184055,,0.025520200344679056,,0.022442872145626902,,0.01732426755708749,,True,,,,,,,,,,,,,,,,,False,,,,,,,,,,,,,,,,,False,,,,,,,,,,,,,,,,,False
2026-06-30,7731,7731.T,ニコン,プライム,精密機器,3,76.92,77,20日モメンタム・中期上昇・移動平均線上,2270.0,2270.0,2270.0,2026-07-02,2,2026-07-01,2279.0,0.003964757709251199,-0.0022026431718061845,0.020044052863436024,-0.02026431718061672,-0.006143045195261099,,,,,-0.006143045195261099,,-0.008129765247915755,,-0.011106118363317208,,-0.016056768319438364,,True,,,,,,,,,,,,,,,,,False,,,,,,,,,,,,,,,,,False,,,,,,,,,,,,,,,,,False
2026-06-30,8750,8750.T,第一ライフグループ,プライム,保険業,4,76.08,39,20日モメンタム・中期上昇・移動平均線上,1778.5,1778.5,1778.5,2026-07-02,2,2026-07-01,1781.0,0.0014056789429295335,0.007028394714647224,0.01939836941242623,-0.00646612313747541,0.005614823133071267,,,,,0.005614823133071267,,0.0036045991016282475,,0.0005930341100506276,,-0.004416184727681127,,True,,,,,,,,,,,,,,,,,False,,,,,,,,,,,,,,,,,False,,,,,,,,,,,,,,,,,False
2026-06-30,9502,9502.T,中部電力,プライム,電気・ガス業,5,75.91,99,移動平均線上・出来高増加・高値圏,3060.0,3060.0,3060.0,2026-07-02,2,2026-07-01,3073.0,0.00424836601307188,0.018954248366013005,0.046732026143790906,-0.012418300653594727,0.014643670680117182,,,,,0.014643670680117182,,0.012615397982427501,,0.009576793849658483,,0.004522600065083093,,True,,,,,,,,,,,,,,,,,False,,,,,,,,,,,,,,,,,False,,,,,,,,,,,,,,,,,False
2026-07-01,8035,8035.T,東京エレクトロン,プライム,電気機器,1,85.72,89,20日モメンタム・中期上昇・移動平均線上,78800.0,78800.0,78800.0,2026-07-02,1,2026-07-02,74300.0,-0.05710659898477155,-0.07436548223350259,-0.038832487309644725,-0.07436548223350259,-0.018304172274562602,,,,,-0.018304172274562602,,-0.02026658223418576,,-0.02320651581426647,,-0.028096588156123925,,True,,,,,,,,,,,,,,,,,False,,,,,,,,,,,,,,,,,False,,,,,,,,,,,,,,,,,False
2026-07-01,6134,6134.T,ＦＵＪＩ,プライム,機械,2,80.63,67,20日モメンタム・中期上昇・移動平均線上,8932.0,8932.0,8932.0,2026-07-02,1,2026-07-02,8482.0,-0.050380653828929645,-0.053963278101209156,-0.028549037169726788,-0.0704209583519928,-0.003772695119075742,,,,,-0.003772695119075742,,-0.005764153501532698,,-0.008747605222824806,,-0.013710062485262964,,True,,,,,,,,,,,,,,,,,False,,,,,,,,,,,,,,,,,False,,,,,,,,,,,,,,,,,False
2026-07-01,2802,2802.T,味の素,プライム,食料品,3,79.99,76,20日モメンタム・中期上昇・移動平均線上,6175.0,6175.0,6175.0,2026-07-02,1,2026-07-02,6075.0,-0.01619433198380571,-0.021538461538461506,0.005506072874494006,-0.025910931174089047,-0.005432098765432047,,,,,-0.005432098765432047,,-0.007420239999999967,,-0.010398722222222045,,-0.01535291358024693,,True,,,,,,,,,,,,,,,,,False,,,,,,,,,,,,,,,,,False,,,,,,,,,,,,,,,,,False
2026-07-01,3445,3445.T,ＲＳ　Ｔｅｃｈｎｏｌｏｇｉｅｓ,プライム,金属製品,4,79.39,24,20日モメンタム・中期上昇・移動平均線上,8030.0,8030.0,8030.0,2026-07-02,1,2026-07-02,7430.0,-0.07471980074719797,-0.05853051058530512,-0.03611457036114574,-0.08841843088418433,0.01749663526244949,,,,,0.01749663526244949,,0.015462659488559849,,0.012415511440107663,,0.007347106325706454,,True,,,,,,,,,,,,,,,,,False,,,,,,,,,,,,,,,,,False,,,,,,,,,,,,,,,,,False
2026-07-01,7480,7480.T,スズデン,スタンダード,卸売業,5,78.38,37,20日モメンタム・中期上昇・移動平均線上,2474.0,2474.0,2474.0,2026-07-02,1,2026-07-02,2467.0,-0.0028294260307194508,0.004446240905416232,0.04284559417946654,-0.014955537590945811,0.007296311309282544,,,,,0.007296311309282544,,0.0052827259829753,,0.002266125354681847,,-0.0027514693960275505,,True,,,,,,,,,,,,,,,,,False,,,,,,,,,,,,,,,,,False,,,,,,,,,,,,,,,,,False
2026-07-02,8344,8344.T,山形銀行,プライム,銀行業,1,85.51,94,20日モメンタム・中期上昇・移動平均線上,3825.0,3825.0,3825.0,,0,,,,,,,,,,,,,,,,,,,,False,,,,,,,,,,,,,,,,,False,,,,,,,,,,,,,,,,,False,,,,,,,,,,,,,,,,,False
2026-07-02,9304,9304.T,澁澤倉庫,プライム,倉庫・運輸関連業,2,84.86,55,20日モメンタム・中期上昇・移動平均線上,1725.0,1725.0,1725.0,,0,,,,,,,,,,,,,,,,,,,,False,,,,,,,,,,,,,,,,,False,,,,,,,,,,,,,,,,,False,,,,,,,,,,,,,,,,,False
2026-07-02,6752,6752.T,パナソニック　ホールディングス,プライム,電気機器,3,84.01,30,20日モメンタム・中期上昇・移動平均線上,4547.0,4547.0,4547.0,,0,,,,,,,,,,,,,,,,,,,,False,,,,,,,,,,,,,,,,,False,,,,,,,,,,,,,,,,,False,,,,,,,,,,,,,,,,,False
2026-07-02,421A,421A.T,ムービン・ストラテジック・キャリア,グロース,サービス業,4,83.23,118,20日モメンタム・中期上昇・移動平均線上,3840.0,3840.0,3840.0,,0,,,,,,,,,,,,,,,,,,,,False,,,,,,,,,,,,,,,,,False,,,,,,,,,,,,,,,,,False,,,,,,,,,,,,,,,,,False
2026-07-02,2802,2802.T,味の素,プライム,食料品,5,80.06,95,20日モメンタム・中期上昇・移動平均線上,6042.0,6042.0,6042.0,,0,,,,,,,,,,,,,,,,,,,,False,,,,,,,,,,,,,,,,,False,,,,,,,,,,,,,,,,,False,,,,,,,,,,,,,,,,,False
