rank,code,ticker,name,market,industry,liquidity_rank,in_yahoo_pool,universe_source,universe_label,best_yahoo_rank,ranking_hits,ranking_sources,trade_date,close,return_1d,return_5d,return_20d,return_60d,return_120d,ma20,ma60,distance_ma20,distance_ma60,distance_high_120d,volatility_20d,latest_volume,avg_volume_20d,volume_ratio_20d,avg_turnover_20d,history_days,score_return_20d,score_return_60d,score_return_120d,score_distance_ma20,score_distance_ma60,score_avg_turnover_20d,score_volume_ratio_20d,score_distance_high_120d,score_volatility_20d,score,momentum_score,trend_score,liquidity_score,evaluation_version,rule_price_floor,rule_liquidity_floor,rule_momentum_20_positive,rule_momentum_60_positive,rule_above_ma20,rule_above_ma60,rule_trend_alignment,rule_volume_expansion,rule_near_120d_high,rule_overheat_control,rule_volatility_control,rule_daily_base
1,6098,6098.T,リクルートホールディングス,プライム,サービス業,23,True,jpx_liquidity,JPX流動性,104.0,2.0,値上がり率・出来高,2026-08-26,17155.0,0.03312255344775661,0.08989834815756037,0.3620484319174275,0.5738532110091743,1.5699697749064425,14931.25,12719.083333333334,0.1489326077856843,0.34876072043975914,0.0,0.8407115973904825,4046300.0,4280335.0,0.9453232048426116,63620379325.0,293,19.46666666666667,17.835,9.908333333333333,9.908333333333333,9.908333333333333,9.633333333333335,6.973333333333334,6.8133333333333335,0.5833333333333333,91.03,47.21,19.82,16.61,v7,True,True,True,True,True,True,True,False,True,True,False,False
2,4689,4689.T,ＬＩＮＥヤフー,プライム,情報・通信業,132,True,jpx_liquidity,JPX流動性,17.0,2.0,値上がり率・出来高,2026-08-26,557.0999755859375,0.03109381486679985,0.12727632906766506,0.2352549347803492,0.3154662941816706,0.47343438860960574,492.56499633789065,448.5199996948242,0.13101820009105358,0.24208502623069594,0.0,0.34256399799276466,25286800.0,20640270.0,1.2251196326404645,10449117813.03421,293,18.666666666666664,16.83,9.3,9.783333333333335,9.6,7.8166666666666655,7.613333333333333,6.8133333333333335,4.13,90.55,44.8,19.38,15.43,v7,True,True,True,True,True,True,True,True,True,True,True,True
3,7832,7832.T,バンダイナムコホールディングス,プライム,その他製品,84,False,jpx_liquidity,JPX流動性,,,,2026-08-26,5658.0,0.014705882352941124,0.05579399141630903,0.2512162759840779,0.5205589895189464,0.3634516190863253,5155.25,4306.0,0.09752194364967748,0.313980492336275,0.0,0.5927612618168395,2665700.0,3360395.0,0.7932698388135918,17246294235.0,293,18.8,17.835,8.983333333333333,9.55,9.908333333333333,8.616666666666667,5.973333333333334,6.8133333333333335,1.575,88.06,45.62,19.46,14.59,v7,True,True,True,True,True,True,True,False,True,True,True,True
4,9101,9101.T,日本郵船,プライム,海運業,62,True,jpx_liquidity,JPX流動性,103.0,1.0,出来高,2026-08-26,6964.0,-0.024786444475563663,0.0343086291400565,0.1568106312292359,0.32018957345971555,0.268535997557968,6418.05,5784.966666666666,0.0850647782426126,0.20380987502088765,-0.032777777777777795,0.3323107416561573,4130900.0,3485570.0,1.185143319457076,23131888315.0,293,17.93333333333333,16.89,8.2,9.4,9.35,8.983333333333333,7.586666666666668,5.39,4.281666666666667,88.02,43.02,18.75,16.57,v7,True,True,True,True,True,True,True,False,True,True,True,True
5,9104,9104.T,商船三井,プライム,海運業,59,True,jpx_liquidity,JPX流動性,113.0,1.0,出来高,2026-08-26,7074.0,-0.019406709176601034,0.015503875968992276,0.20654954801296266,0.313649025069638,0.18892053952466492,6465.0,5822.283333333334,0.09419953596287711,0.2149872472712595,-0.028029678483099785,0.3212086485619722,3764400.0,3453950.0,1.0898825981846871,23278100465.0,293,18.5,16.74,7.316666666666667,9.5,9.45,9.033333333333333,7.4,5.553333333333333,4.456666666666667,87.95,42.56,18.95,16.43,v7,True,True,True,True,True,True,True,False,True,True,True,True
6,8050,8050.T,セイコーグループ,プライム,精密機器,226,False,jpx_liquidity,JPX流動性,,,,2026-08-26,11230.0,0.03027522935779814,0.00267857142857153,0.5073825503355704,0.513477088948787,0.6116600483069716,9955.0,8308.5,0.12807634354595687,0.35162785099596805,-0.000889679715302516,0.8367401505488223,591700.0,547005.0,1.081708576704052,5664655150.0,293,19.816666666666666,17.835,9.65,9.766666666666667,9.908333333333333,6.25,7.373333333333332,6.58,0.6066666666666667,87.79,47.3,19.68,13.62,v7,True,True,True,True,True,True,True,False,True,True,False,False
7,6857,6857.T,アドバンテスト,プライム,電気機器,3,True,jpx_liquidity,JPX流動性,46.0,2.0,値上がり率・出来高,2026-08-26,35700.0,0.036284470246734424,0.01941747572815533,0.39945119560956477,0.3904576436222005,0.38560440230194204,33654.75,30764.333333333332,0.06077151070799802,0.16043470252348513,-0.055055584965590265,0.8354139947011034,8819000.0,9448870.0,0.9333391188575988,308999460825.0,293,19.816666666666666,17.37,9.033333333333333,9.0,9.083333333333332,9.908333333333333,6.92,4.491666666666667,0.6183333333333334,86.24,46.22,18.08,16.83,v7,True,True,True,True,True,True,True,False,False,True,False,False
8,2737,2737.T,トーメンデバイス,プライム,卸売業,249,True,jpx_liquidity,JPX流動性,89.0,1.0,値上がり率,2026-08-26,33200.0,0.039123630672926346,0.16246498599439785,1.2001325381047052,1.3103688239387612,1.5198069912992511,28517.5,20170.5,0.16419742263522408,0.645968121761979,-0.005988023952095856,1.5695367074206639,146300.0,170710.0,0.857008962568098,4992083950.0,293,19.816666666666666,17.835,9.908333333333333,9.908333333333333,9.908333333333333,5.866666666666666,6.493333333333334,6.416666666666666,0.07583333333333334,86.23,47.56,19.82,12.36,v7,True,True,True,True,True,True,True,False,True,True,False,False
9,9107,9107.T,川崎汽船,プライム,海運業,80,True,jpx_liquidity,JPX流動性,62.0,1.0,出来高,2026-08-26,3306.0,-0.03361590178310436,0.047196705733291155,0.17421417155034624,0.2789168278529981,0.2703692008238361,3023.925,2745.2083333333335,0.09328108336020224,0.20428018517113156,-0.045887445887445866,0.39863824476273535,6430900.0,5846105.0,1.100031559474214,18205540697.5,293,18.166666666666664,16.2,8.216666666666667,9.483333333333334,9.366666666666667,8.683333333333332,7.413333333333332,4.876666666666667,3.243333333333333,85.65,42.58,18.85,16.1,v7,True,True,True,True,True,True,True,False,True,True,True,True
10,7550,7550.T,ゼンショーホールディングス,プライム,小売業,194,False,jpx_liquidity,JPX流動性,,,,2026-08-26,11805.0,0.010269576379974277,0.027862429255550714,0.19799066368987206,0.49222601441031477,0.19789747208506037,10981.3,9250.9,0.07500933404970267,0.27609205590807395,0.0,0.45097244296561817,539400.0,627645.0,0.8594030064765911,6825865680.0,293,18.4,17.64,7.466666666666668,9.316666666666665,9.75,6.783333333333332,6.52,6.8133333333333335,2.555,85.24,43.51,19.07,13.3,v7,True,True,True,True,True,True,True,False,True,True,True,True
11,6027,6027.T,弁護士ドットコム,プライム,サービス業,473,True,jpx_liquidity,JPX流動性,9.0,1.0,値上がり率,2026-08-26,5050.0,0.1622554660529345,0.14253393665158365,1.2139412538360368,1.1182885906040267,1.0662847790507364,3251.5,2588.5666666666666,0.5531293249269569,0.9508865910349358,0.0,1.3302490044816833,763500.0,374935.0,2.03635296784776,1603193675.0,293,19.816666666666666,17.835,9.908333333333333,9.908333333333333,9.908333333333333,2.1333333333333337,7.926666666666666,6.8133333333333335,0.07583333333333334,84.33,47.56,19.82,10.06,v7,True,True,True,True,True,True,True,True,True,False,False,False
12,4911,4911.T,資生堂,プライム,化学,112,True,jpx_liquidity,JPX流動性,135.0,1.0,出来高,2026-08-26,3750.0,0.01763907734056991,0.07051099057950339,0.15278204734091605,0.43403441682600374,0.15776474220438397,3488.55,2985.5306762695313,0.07494517779593246,0.2560581037759375,0.0,0.5266862258275486,3053600.0,3726725.0,0.8193789453206234,12845297670.0,293,17.766666666666666,17.520000000000003,6.8166666666666655,9.3,9.7,8.15,6.226666666666667,6.8133333333333335,2.006666666666667,84.3,42.1,19.0,14.38,v7,True,True,True,True,True,True,True,False,True,True,True,True
13,7272,7272.T,ヤマハ発動機,プライム,輸送用機器,81,True,jpx_liquidity,JPX流動性,91.0,1.0,出来高,2026-08-26,1955.0,-0.004075394803871646,0.04322305229455714,0.45895522388059695,0.5291357059053579,0.6264559068219635,1783.375,1424.1383646647134,0.09623606925071848,0.37275987257057563,-0.009123162696401454,0.8531714513333551,4669100.0,10420035.0,0.4480887060360162,18100178150.0,293,19.816666666666666,17.835,9.666666666666668,9.533333333333335,9.908333333333333,8.666666666666668,1.0133333333333334,6.265,0.5133333333333333,83.22,47.32,19.44,9.68,v7,True,True,True,True,True,True,True,False,True,True,False,False
14,9507,9507.T,四国電力,プライム,電気・ガス業,456,False,jpx_liquidity,JPX流動性,,,,2026-08-26,1955.0,0.02302459445316596,0.08520677213433259,0.22878692646134513,0.38064971751412435,0.1440713078652045,1776.3,1578.375,0.10060237572482134,0.23861566484517294,0.0,0.2549301058985746,846000.0,999595.0,0.8463427688213726,1778774300.0,293,18.6,17.28,6.666666666666665,9.583333333333336,9.566666666666668,2.416666666666667,6.413333333333332,6.8133333333333335,5.74,83.08,42.55,19.15,8.83,v7,True,True,True,True,True,True,True,False,True,True,True,True
15,6952,6952.T,カシオ計算機,プライム,電気機器,242,True,jpx_liquidity,JPX流動性,149.0,1.0,値上がり率,2026-08-26,2410.0,0.03035485250106884,0.05701754385964919,0.3946759259259258,0.3396331295163979,0.5868111242800254,2248.875,1975.5166666666667,0.07164693457840032,0.21993402569791876,-0.03154510749447459,0.8911371507423964,1800600.0,2261205.0,0.796301087252151,5206672560.0,293,19.56666666666667,17.01,9.616666666666667,9.233333333333333,9.5,5.983333333333333,6.013333333333334,5.471666666666667,0.40833333333333327,82.8,46.19,18.73,12.0,v7,True,True,True,True,True,True,True,False,True,True,False,False
16,8358,8358.T,スルガ銀行,プライム,銀行業,371,False,jpx_liquidity,JPX流動性,,,,2026-08-26,2946.0,0.010981468771448233,0.04135737009544016,0.10461192350956128,0.30527248560035436,0.47476496529782475,2784.7,2586.05,0.05792365425360013,0.13918911080605545,0.0,0.24554865608918217,676300.0,937195.0,0.7216214341732511,2572898930.0,293,16.733333333333334,16.589999999999996,9.316666666666665,8.933333333333332,8.816666666666668,3.833333333333334,5.226666666666667,6.8133333333333335,5.961666666666668,82.22,42.64,17.75,9.06,v7,True,True,True,True,True,True,True,False,True,True,True,True
17,6448,6448.T,ブラザー工業,プライム,電気機器,253,False,jpx_liquidity,JPX流動性,,,,2026-08-26,4701.0,0.008798283261802542,0.042581503659347986,0.1731969054155229,0.2609978540772533,0.486805202402387,4424.9,4005.15,0.062396890325205234,0.1737388112804763,-0.009064080944350739,0.3804219134146297,777600.0,1112680.0,0.6988532192544128,4879649165.0,293,18.13333333333333,15.9,9.383333333333333,9.066666666666665,9.2,5.799999999999999,4.92,6.276666666666666,3.523333333333333,82.2,43.42,18.27,10.72,v7,True,True,True,True,True,True,True,False,True,True,True,True
18,8473,8473.T,ＳＢＩホールディングス,プライム,証券、商品先物取引業,111,True,jpx_liquidity,JPX流動性,55.0,2.0,値上がり率・出来高,2026-08-26,3394.0,0.05012376237623761,0.14468802698145034,0.2044002838892831,0.1659223634489866,0.09070629893608118,3067.225,2893.175,0.10653766841363121,0.17310567110527364,0.0,0.44266878288046535,7553500.0,3987620.0,1.8942376655749544,12953022855.0,293,18.43333333333333,13.32,5.866666666666666,9.633333333333335,9.183333333333332,8.166666666666668,7.926666666666666,6.8133333333333335,2.6366666666666663,81.98,37.62,18.82,16.09,v7,True,True,True,True,True,True,True,True,True,True,True,True
19,2121,2121.T,ＭＩＸＩ,プライム,情報・通信業,476,False,jpx_liquidity,JPX流動性,,,,2026-08-26,3665.0,0.028050490883590573,0.06540697674418605,0.25128030044383753,0.34990791896869244,0.4034435591752876,3323.05,2952.633333333333,0.10290245407080834,0.2412648596168392,0.0,0.6715978021180239,524600.0,465670.0,1.1265488436016922,1579826765.0,293,18.833333333333336,17.070000000000004,9.133333333333333,9.616666666666667,9.583333333333336,2.083333333333334,7.466666666666666,6.8133333333333335,1.2716666666666667,81.87,45.04,19.2,9.55,v7,True,True,True,True,True,True,True,False,True,True,True,True
20,8388,8388.T,阿波銀行,プライム,銀行業,493,True,jpx_liquidity,JPX流動性,119.0,1.0,値上がり率,2026-08-26,9600.0,0.03336921420882666,0.069042316258352,0.09464082098061577,0.4746543778801844,0.6871319631907842,8914.5,7879.5,0.07689718997139483,0.21835141823719773,0.0,0.40897437727018826,265700.0,167270.0,1.5884498116817123,1471291500.0,293,16.2,17.58,9.716666666666667,9.333333333333332,9.483333333333334,1.8,7.826666666666667,6.8133333333333335,3.068333333333334,81.82,43.5,18.82,9.63,v7,True,True,True,True,True,True,True,True,True,True,True,True
21,5713,5713.T,住友金属鉱山,プライム,非鉄金属,35,True,jpx_liquidity,JPX流動性,96.0,1.0,出来高,2026-08-26,11575.0,0.028888888888888964,0.20610607481504628,0.5718359587180879,0.2876849482701078,-0.09750595105617499,9494.15,8442.7,0.21917180579620088,0.37100690537387315,-0.01812860255464832,0.7431523747471334,4393700.0,4133585.0,1.0629272169315498,40876683090.0,293,19.816666666666666,16.319999999999997,2.216666666666667,9.908333333333333,9.908333333333333,9.433333333333335,7.28,5.9383333333333335,0.9333333333333335,81.76,38.35,19.82,16.71,v7,True,True,True,True,True,True,True,False,True,False,True,False
22,7167,7167.T,めぶきフィナンシャルグループ,プライム,銀行業,264,False,jpx_liquidity,JPX流動性,,,,2026-08-26,1682.0,0.012642986152920033,0.032852318084126475,0.1065789473684211,0.29334871203383317,0.32316333638638106,1591.8,1495.525,0.05666541022741556,0.12468865448588273,-0.005616316878510164,0.3830777429845944,2601100.0,2902350.0,0.896204799558978,4564501212.5,293,16.833333333333336,16.38,8.716666666666667,8.85,8.533333333333335,5.616666666666666,6.666666666666668,6.451666666666666,3.4883333333333337,81.54,41.93,17.38,12.28,v7,True,True,True,True,True,True,True,False,True,True,True,True
23,6523,6523.T,ＰＨＣホールディングス,プライム,電気機器,582,False,jpx_liquidity,JPX流動性,,,,2026-08-26,1525.0,0.0159893404397069,0.08463726884779521,0.38384754990925596,0.40812557710064645,0.44941559527928243,1308.95,1143.75,0.16505596088467844,0.33333333333333326,0.0,0.7603038572416982,798400.0,752000.0,1.0617021276595744,1064403350.0,293,19.533333333333335,17.430000000000003,9.233333333333333,9.908333333333333,9.908333333333333,0.3166666666666667,7.266666666666667,6.8133333333333335,0.84,81.25,46.2,19.82,7.58,v7,True,True,True,True,True,True,True,False,True,True,True,True
24,9506,9506.T,東北電力,プライム,電気・ガス業,296,False,jpx_liquidity,JPX流動性,,,,2026-08-26,1327.0,0.010277883517320063,0.03389170237631478,0.1405242801890847,0.34108135421930275,0.06998875362485446,1245.35,1127.7216664632163,0.06556389769944193,0.17670879212755097,-0.002630590003757982,0.21264522146354736,2056200.0,3031525.0,0.6782724866197706,3738960135.0,293,17.466666666666665,17.04,5.583333333333334,9.116666666666665,9.233333333333333,5.083333333333332,4.573333333333333,6.545,6.498333333333332,81.14,40.09,18.35,9.66,v7,True,True,True,True,True,True,True,False,True,True,True,True
25,4527,4527.T,ロート製薬,プライム,医薬品,258,False,jpx_liquidity,JPX流動性,,,,2026-08-26,3037.0,0.02273109951170227,0.08270944741532982,0.2763185543181341,0.2956484641638226,0.25257454119029266,2699.1,2493.4666666666667,0.12518987810751736,0.21798299556173473,0.0,0.7985341522173863,1232600.0,1729290.0,0.7127780765516484,4753140032.5,293,19.033333333333335,16.409999999999997,8.033333333333333,9.75,9.466666666666667,5.716666666666666,5.133333333333334,6.8133333333333335,0.6766666666666665,81.03,43.48,19.22,10.85,v7,True,True,True,True,True,True,True,False,True,True,True,True
26,6869,6869.T,シスメックス,プライム,電気機器,218,False,jpx_liquidity,JPX流動性,,,,2026-08-26,1940.0,-0.015478304998731263,0.022397891963109373,0.18618159584225014,0.33150308853809207,0.33377567379779816,1808.875,1598.8,0.07248980720060816,0.21341005754315745,-0.02020202020202022,0.75147083277123,2282000.0,3230255.0,0.7064457759526724,5882608395.0,293,18.266666666666666,16.980000000000004,8.8,9.266666666666666,9.433333333333335,6.383333333333333,5.066666666666666,5.856666666666667,0.8866666666666667,80.94,44.05,18.7,11.45,v7,True,True,True,True,True,True,True,False,True,True,True,True
27,7762,7762.T,シチズン時計,プライム,精密機器,240,False,jpx_liquidity,JPX流動性,,,,2026-08-26,2724.0,0.007024029574861368,0.07033398821218073,0.2728971962616822,0.17973148549155482,0.46289646184375366,2488.9,2364.05,0.09445939973482265,0.15225989298026676,-0.027490182077829384,0.5754795391324069,1849500.0,2042735.0,0.9054037846318783,5286629165.0,293,19.0,13.71,9.266666666666666,9.516666666666667,8.966666666666665,6.0166666666666675,6.733333333333333,5.576666666666666,1.7266666666666668,80.51,41.98,18.48,12.75,v7,True,True,True,True,True,True,True,False,True,True,True,True
28,7733,7733.T,オリンパス,プライム,精密機器,138,True,jpx_liquidity,JPX流動性,124.0,1.0,出来高,2026-08-26,2133.0,-0.015235457063711877,0.0007037297677692234,0.18368479467258592,0.1807362302795461,0.4911993942876347,2012.4,1829.4916666666666,0.059928443649373886,0.16589763094484367,-0.024691358024691357,0.42153685106098726,3323200.0,4946165.0,0.6718740680911373,9949605927.5,293,18.23333333333333,13.74,9.416666666666668,8.983333333333333,9.133333333333333,7.716666666666665,4.453333333333333,5.67,2.905,80.25,41.39,18.12,12.17,v7,True,True,True,True,True,True,True,False,True,True,True,True
29,6460,6460.T,セガサミーホールディングス,プライム,機械,323,False,jpx_liquidity,JPX流動性,,,,2026-08-26,3039.0,0.005625413633355336,0.10649918077553244,0.10509090909090912,0.2678347934918648,0.17272488060297841,2790.525,2485.65,0.08904238449754076,0.22261782632309446,0.0,0.4406619072287254,1147400.0,1170775.0,0.9800345924707993,3239853557.5,293,16.76666666666667,16.05,7.033333333333335,9.433333333333335,9.533333333333335,4.633333333333333,7.12,6.8133333333333335,2.695,80.08,39.85,18.97,11.75,v7,True,True,True,True,True,True,True,False,True,True,True,True
30,8304,8304.T,あおぞら銀行,プライム,銀行業,237,False,jpx_liquidity,JPX流動性,,,,2026-08-26,3387.0,0.009237187127532742,0.013464991023339312,0.09647134995144069,0.27354765933446146,0.25349337538765204,3272.25,2976.008333333333,0.03506761402704561,0.13810165182109158,-0.013686662783925496,0.2872906698272704,1265700.0,1674305.0,0.7559554561444898,5413727770.0,293,16.266666666666666,16.11,8.05,7.783333333333332,8.766666666666667,6.066666666666667,5.76,6.1016666666666675,5.133333333333333,80.04,40.43,16.55,11.83,v7,True,True,True,True,True,True,True,False,True,True,True,True
31,5711,5711.T,三菱マテリアル,プライム,非鉄金属,108,True,jpx_liquidity,JPX流動性,38.0,2.0,値上がり率・出来高,2026-08-26,5963.0,0.059523809523809534,0.18079207920792073,0.47818542389687657,0.171742975044213,-0.013322806384230557,4955.7,4637.916666666667,0.20326089149867843,0.2857065852124696,-0.02245901639344261,0.6911445912693803,5212800.0,2320625.0,2.246291408564503,13141305040.0,293,19.816666666666666,13.5,3.9833333333333325,9.908333333333333,9.766666666666667,8.216666666666667,7.926666666666666,5.74,1.1316666666666666,79.99,37.3,19.68,16.14,v7,True,True,True,True,True,True,True,True,True,False,True,False
32,9110,9110.T,ＮＳユナイテッド海運,プライム,海運業,459,False,jpx_liquidity,JPX流動性,,,,2026-08-26,10470.0,0.0,0.002873563218390718,0.3959999999999999,0.3615084525357608,0.3735441625641418,10001.0,8002.333333333333,0.04689531046895312,0.3083683925521723,-0.000954198473282486,0.7019225099130078,127100.0,166085.0,0.7652707950748111,1727512750.0,293,19.6,17.160000000000004,9.016666666666666,8.483333333333334,9.8,2.3666666666666667,5.84,6.5683333333333325,1.0966666666666667,79.93,45.78,18.28,8.21,v7,True,True,True,True,True,True,True,False,True,True,True,True
33,2269,2269.T,明治ホールディングス,プライム,食料品,216,False,jpx_liquidity,JPX流動性,,,,2026-08-26,4479.0,0.015416005440943126,0.04894613583138163,0.16823161189358382,0.19535628502802238,0.12669183557335129,4114.65,3867.8333333333335,0.08854945135066172,0.1580126685913732,0.0,0.46212387370243024,1290900.0,1418220.0,0.9102254939290096,5893949545.0,293,18.03333333333333,14.4,6.45,9.416666666666668,9.05,6.416666666666668,6.8,6.8133333333333335,2.496666666666667,79.88,38.88,18.47,13.22,v7,True,True,True,True,True,True,True,False,True,True,True,True
34,9697,9697.T,カプコン,プライム,情報・通信業,103,False,jpx_liquidity,JPX流動性,,,,2026-08-26,4280.0,0.003281762775433572,0.03581800580832528,0.21280816095211108,0.39459107201042687,0.18581899317454398,4102.05,3432.9583333333335,0.04338074865006525,0.24673811459989548,0.0,0.7706106843006579,1998100.0,3577395.0,0.55853491157672,14447322390.0,293,18.53333333333333,17.4,7.283333333333335,8.266666666666667,9.65,8.3,2.6933333333333334,6.8133333333333335,0.8166666666666665,79.76,43.22,17.92,10.99,v7,True,True,True,True,True,True,True,False,True,True,True,True
35,1515,1515.T,日鉄鉱業,プライム,鉱業,380,True,jpx_liquidity,JPX流動性,36.0,1.0,値上がり率,2026-08-26,3940.0,0.06199460916442057,0.18496240601503766,0.382941382941383,0.6334991708126037,-0.05248201633149607,3350.6,2784.116666666667,0.17590879245508262,0.4151705807347632,-0.0005632508398444314,0.7315196867864318,1313400.0,695310.0,1.8889416231608922,2454736105.0,293,19.5,17.835,3.1333333333333337,9.908333333333333,9.908333333333333,3.6833333333333336,7.926666666666666,6.6033333333333335,0.9683333333333334,79.47,40.47,19.82,11.61,v7,True,True,True,True,True,True,True,True,True,True,True,True
36,8233,8233.T,高島屋,プライム,小売業,303,False,jpx_liquidity,JPX流動性,,,,2026-08-26,2500.5,0.022281275551921498,0.1015418502202643,0.07896440129449833,0.2651151024538325,0.29325058184639263,2314.65,2294.2166666666667,0.08029291685568007,0.08991449514358574,-0.03900845503458883,0.30598547451644853,2191000.0,1505030.0,1.4557849345195777,3568464295.0,293,15.333333333333336,15.93,8.516666666666667,9.35,7.583333333333332,4.966666666666666,7.76,5.156666666666667,4.76,79.36,39.78,16.93,12.73,v7,True,True,True,True,True,True,True,True,True,True,True,True
37,6532,6532.T,ベイカレント,プライム,サービス業,155,False,jpx_liquidity,JPX流動性,,,,2026-08-26,7771.0,-0.004993597951344464,0.04631749023831966,0.08140829390481485,0.28488756613756605,0.81099976695409,7370.3,6562.25,0.054366850738775785,0.18419749323783763,-0.004993597951344464,0.39318408712489805,697600.0,1303350.0,0.5352361223002263,9012243130.0,293,15.5,16.29,9.8,8.8,9.283333333333333,7.433333333333333,2.3733333333333335,6.475,3.313333333333334,79.27,41.59,18.08,9.81,v7,True,True,True,True,True,True,True,False,True,True,True,True
38,3994,3994.T,マネーフォワード,プライム,情報・通信業,316,False,jpx_liquidity,JPX流動性,,,,2026-08-26,6170.0,0.003252032520325132,0.07379046293073444,0.08914386584289491,0.3803131991051454,1.0012974375608175,5753.75,4948.666666666667,0.07234412339778395,0.24680048497911877,-0.04769254514585586,0.8429530921094378,546200.0,571955.0,0.9549702336722294,3317289270.0,293,15.966666666666665,17.250000000000004,9.908333333333333,9.25,9.666666666666668,4.75,7.026666666666666,4.795,0.5716666666666667,79.19,43.12,18.92,11.78,v7,True,True,True,True,True,True,True,False,True,True,False,False
39,5831,5831.T,しずおかフィナンシャルグループ,プライム,銀行業,205,False,jpx_liquidity,JPX流動性,,,,2026-08-26,3566.0,0.012205506670451394,0.04882352941176471,0.08389057750759887,0.2672352523098791,0.22247821752280017,3371.9,3212.95,0.05756398469705504,0.10988344045192111,0.0,0.32490288730988176,1334900.0,1956875.0,0.6821590546151389,6421247875.0,293,15.633333333333331,16.02,7.75,8.9,8.116666666666667,6.6,4.626666666666667,6.8133333333333335,4.375,78.83,39.4,17.02,11.23,v7,True,True,True,True,True,True,True,False,True,True,True,True
40,9508,9508.T,九州電力,プライム,電気・ガス業,312,False,jpx_liquidity,JPX流動性,,,,2026-08-26,1981.5,0.014333248016380917,0.05764611689351473,0.08873626373626364,0.25173720783322806,0.028800680439826865,1862.25,1747.325,0.06403544099879177,0.1340191435479947,0.0,0.2587697213224822,1719200.0,1844150.0,0.9322452078193205,3441952212.5,293,15.93333333333333,15.72,4.85,9.083333333333332,8.683333333333332,4.816666666666667,6.906666666666666,6.8133333333333335,5.6816666666666675,78.49,36.5,17.77,11.72,v7,True,True,True,True,True,True,True,False,True,True,True,True
41,8368,8368.T,百五銀行,プライム,銀行業,425,True,jpx_liquidity,JPX流動性,98.0,1.0,値上がり率,2026-08-26,2341.0,0.03675819309123107,0.07434603028912345,0.14980353634577592,0.24388947927736448,0.46100736862265834,2162.75,2049.9666666666667,0.08241821754710443,0.1419697881266362,0.0,0.5830440432384169,781700.0,967620.0,0.8078584568322276,2043512815.0,293,17.7,15.6,9.25,9.366666666666667,8.833333333333332,2.933333333333333,6.16,6.8133333333333335,1.7033333333333334,78.36,42.55,18.2,9.09,v7,True,True,True,True,True,True,True,False,True,True,True,True
42,2181,2181.T,パーソルホールディングス,プライム,サービス業,330,True,jpx_liquidity,JPX流動性,45.0,1.0,出来高,2026-08-26,296.8999938964844,-0.004025535667431468,0.03305497634569088,0.1016697361650627,0.20691054429465194,0.2238719732381056,278.55499572753905,259.36833165486655,0.06585772450797833,0.14470410478469686,-0.004025535667431468,0.3353381354620719,9045500.0,11385590.0,0.7944691491613523,3116048484.793091,293,16.46666666666667,14.67,7.783333333333332,9.133333333333333,8.9,4.516666666666667,6.0,6.498333333333332,4.211666666666667,78.18,38.92,18.03,10.52,v7,False,True,True,True,True,True,True,False,True,True,True,False
43,5838,5838.T,楽天銀行,プライム,銀行業,178,False,jpx_liquidity,JPX流動性,,,,2026-08-26,6367.0,-0.013938361468174065,0.05799268860086415,0.14534988307249508,0.4155180080035572,0.02117080994386522,5838.5,5468.183333333333,0.09051982529759361,0.16437207969740109,-0.06298749080206034,0.41008638250856555,905100.0,1247170.0,0.7257230369556676,7359353330.0,293,17.566666666666666,17.46,4.7666666666666675,9.45,9.116666666666665,7.05,5.28,4.141666666666667,3.0216666666666665,77.85,39.79,18.57,12.33,v7,True,True,True,True,True,True,True,False,False,True,True,True
44,9432,9432.T,ＮＴＴ,プライム,情報・通信業,33,True,jpx_liquidity,JPX流動性,3.0,1.0,出来高,2026-08-26,169.60000610351562,0.0023641203456747917,0.06399004139018483,0.08439905832584538,0.14594598718591634,0.1324660224206735,159.7099983215332,151.8566660563151,0.06192478796519407,0.11684268137837628,0.0,0.26135568999139097,171766700.0,269227925.0,0.6379973399861846,41908849539.52255,293,15.7,12.570000000000002,6.5,9.033333333333333,8.366666666666667,9.466666666666667,3.76,6.8133333333333335,5.623333333333332,77.83,34.77,17.4,13.23,v7,False,True,True,True,True,True,True,False,True,True,True,False
45,8343,8343.T,秋田銀行,プライム,銀行業,562,False,jpx_liquidity,JPX流動性,,,,2026-08-26,8640.0,0.0176678445229681,0.01527614571092828,0.1383399209486167,0.4870912220309811,0.6531123941762438,8065.5,7170.333333333333,0.07122931002417698,0.20496490167821113,-0.03355704697986572,0.42149467807098645,103600.0,139835.0,0.7408731719526584,1135652500.0,293,17.4,17.610000000000003,9.7,9.2,9.383333333333333,0.65,5.533333333333334,5.343333333333333,2.916666666666667,77.74,44.71,18.58,6.18,v7,True,True,True,True,True,True,True,False,True,True,True,True
46,7974,7974.T,任天堂,プライム,その他製品,14,True,jpx_liquidity,JPX流動性,50.0,1.0,出来高,2026-08-26,8896.0,0.0036101083032491488,0.03719249154716109,0.16150933542237889,0.24193773558564846,0.03754511887030576,8303.9,7529.183333333333,0.07130384518118005,0.1815358460744967,-0.11250303845428777,0.4650414784696495,8414000.0,11470575.0,0.73352905150788,92560719750.0,293,17.966666666666665,15.51,5.0166666666666675,9.216666666666665,9.266666666666666,9.783333333333335,5.453333333333332,2.881666666666667,2.461666666666667,77.56,38.49,18.48,15.24,v7,True,True,True,True,True,True,True,False,False,True,True,True
47,4180,4180.T,Ａｐｐｉｅｒ　Ｇｒｏｕｐ,プライム,情報・通信業,432,False,jpx_liquidity,JPX流動性,,,,2026-08-26,1274.0,-0.006240249609984372,0.0,0.3999999999999999,0.36548767416934624,0.5806451612903225,1109.8,942.7166666666667,0.14795458641196624,0.35141346816823704,-0.0527881040892193,0.7995084789708088,955500.0,1704130.0,0.5606966604660443,2018635860.0,293,19.816666666666666,17.19,9.6,9.908333333333333,9.908333333333333,2.816666666666667,2.746666666666667,4.585,0.665,77.24,46.61,19.82,5.56,v7,True,True,True,True,True,True,True,False,False,True,True,True
48,4114,4114.T,日本触媒,プライム,化学,365,False,jpx_liquidity,JPX流動性,,,,2026-08-26,2647.5,0.003220917014020497,0.019445514054678537,0.23139534883720936,0.3057953144266339,0.07757469378410353,2464.175,2211.8083333333334,0.07439609605648934,0.19698436799451424,-0.018171704060819582,0.44956525212900544,745000.0,1045020.0,0.7129050161719392,2647468737.5,293,18.63333333333333,16.65,5.699999999999999,9.283333333333333,9.316666666666665,3.9333333333333327,5.16,5.926666666666668,2.59,77.19,40.98,18.6,9.09,v7,True,True,True,True,True,True,True,False,True,True,True,True
49,8308,8308.T,りそなホールディングス,プライム,銀行業,57,True,jpx_liquidity,JPX流動性,59.0,1.0,出来高,2026-08-26,2446.0,0.012417218543046449,0.037980055166560556,0.0799116997792495,0.2141970712335568,0.3371052520948121,2340.25,2258.7833333333333,0.04518747997008865,0.08288385340190518,-0.021599999999999953,0.38631360502062084,6897800.0,10527590.0,0.655211686625334,23787527492.5,293,15.43333333333333,14.910000000000002,8.833333333333332,8.383333333333335,7.25,9.066666666666665,4.04,5.798333333333334,3.43,77.14,39.18,15.63,13.11,v7,True,True,True,True,True,True,True,False,True,True,True,True
50,3659,3659.T,ネクソン,プライム,情報・通信業,128,False,jpx_liquidity,JPX流動性,,,,2026-08-26,3121.0,0.0022479126525369875,0.04294068504594817,0.25442122186495175,0.3528391850888599,-0.0446893174165901,2734.6,2403.4346923828125,0.141300372997879,0.29855827158165016,-0.012341772151898689,0.7432302319935561,2058500.0,3888050.0,0.5294427797996425,10774941037.5,293,18.933333333333334,17.13,3.35,9.908333333333333,9.783333333333335,7.883333333333333,2.2266666666666666,6.171666666666668,0.9216666666666665,76.31,39.41,19.69,10.11,v7,True,True,True,True,True,True,True,False,True,True,True,True
51,2801,2801.T,キッコーマン,プライム,食料品,181,False,jpx_liquidity,JPX流動性,,,,2026-08-26,1833.0,0.0013657470636438962,0.021739130434782705,0.0962918660287082,0.3130372492836677,0.2747746107213451,1753.875,1649.35,0.045114389565961144,0.1113468942310607,-0.006504065040650375,0.4764323134125184,2322700.0,4237875.0,0.5480812907412324,7246615697.5,293,16.233333333333334,16.71,8.3,8.366666666666667,8.183333333333335,7.0,2.493333333333333,6.37,2.3566666666666665,76.01,41.24,16.55,9.49,v7,True,True,True,True,True,True,True,False,True,True,True,True
52,2767,2767.T,円谷フィールズホールディングス,プライム,卸売業,307,False,jpx_liquidity,JPX流動性,,,,2026-08-26,2517.0,-0.0027733755942948024,0.048313202832153346,0.30414507772020727,0.8199566160520608,0.7173685210438876,2450.15,1760.8,0.02728404383405092,0.42946388005452074,-0.009055118110236182,0.7756014954157857,424000.0,1443320.0,0.2937671479644154,3519190715.0,293,19.233333333333334,17.835,9.75,7.05,9.908333333333333,4.9,0.08666666666666668,6.288333333333332,0.805,75.86,46.82,16.96,4.99,v7,True,True,True,True,True,True,True,False,True,True,True,True
53,8015,8015.T,豊田通商,プライム,卸売業,67,False,jpx_liquidity,JPX流動性,,,,2026-08-26,7535.0,0.006814537680384758,0.0812168173339074,0.16550657385924206,0.13856149894227854,0.09545522886984759,7157.65,6538.083333333333,0.05271981725845776,0.15247842767375763,0.0,0.3650157146923592,1699500.0,3062565.0,0.5549269974678088,21069362800.0,293,18.0,12.12,5.966666666666668,8.733333333333333,8.983333333333333,8.9,2.6266666666666665,6.8133333333333335,3.71,75.85,36.09,17.72,11.53,v7,True,True,True,True,True,True,True,False,True,True,True,True
54,8334,8334.T,群馬銀行,プライム,銀行業,360,False,jpx_liquidity,JPX流動性,,,,2026-08-26,2778.5,0.012019668548533868,0.04888637221593051,0.0807078957604046,0.2810050714615029,0.27454385368018097,2642.25,2484.266666666667,0.051565900274387344,0.11843870759982811,-0.007855740046420312,0.32364638143550983,669700.0,1050735.0,0.6373633694509082,2709923632.5,293,15.466666666666665,16.229999999999997,8.283333333333335,8.683333333333332,8.4,4.016666666666667,3.746666666666667,6.3116666666666665,4.41,75.55,39.98,17.08,7.76,v7,True,True,True,True,True,True,True,False,True,True,True,True
55,8729,8729.T,ソニーフィナンシャルグループ,プライム,保険業,159,True,jpx_liquidity,JPX流動性,7.0,1.0,出来高,2026-08-26,162.6999969482422,0.0037013622586998807,0.05103355129678522,0.04228052906256696,0.17050357516720993,0.055286330118430316,156.64000091552734,149.97000071207682,0.03868741060581882,0.08488361789505694,0.0,0.18935353478220268,64522700.0,56480785.0,1.1423832016499063,8900850438.349915,222,12.8,13.47,5.35,8.016666666666666,7.35,7.366666666666667,7.533333333333334,6.8133333333333335,6.685,75.39,31.62,15.37,14.9,v7,False,True,True,True,True,True,True,False,True,True,True,False
56,8331,8331.T,千葉銀行,プライム,銀行業,208,False,jpx_liquidity,JPX流動性,,,,2026-08-26,2822.0,0.00911854103343468,0.03616669726454935,0.04441154700222061,0.23717667689609812,0.27499892177443175,2721.55,2615.8416666666667,0.03690911429148813,0.07881147240690534,-0.00756110427290313,0.26950703752422767,1736800.0,2378085.0,0.7303355430945487,6351718172.5,293,12.9,15.42,8.316666666666668,7.916666666666665,7.116666666666667,6.55,5.4,6.335,5.4366666666666665,75.39,36.64,15.03,11.95,v7,True,True,True,True,True,True,True,False,True,True,True,True
57,4471,4471.T,三洋化成工業,プライム,化学,589,False,jpx_liquidity,JPX流動性,,,,2026-08-26,6480.0,0.01567398119122254,0.060556464811784005,0.34719334719334727,0.23193916349809895,0.1167367117904019,5884.75,5301.666666666667,0.10115128085305236,0.22225715183904415,0.0,0.5315748984521179,132200.0,165000.0,0.8012121212121213,1015965975.0,293,19.36666666666667,15.270000000000003,6.2666666666666675,9.6,9.516666666666667,0.10833333333333335,6.053333333333334,6.8133333333333335,1.971666666666667,74.97,40.9,19.12,6.16,v7,True,True,True,True,True,True,True,False,True,True,True,True
58,5857,5857.T,ＡＲＥホールディングス,プライム,非鉄金属,329,False,jpx_liquidity,JPX流動性,,,,2026-08-26,4050.0,0.009975062344139696,0.15549215406562045,0.32569558101472995,0.24807395993836678,-0.12418109760559448,3523.5,3220.2166666666667,0.14942528735632177,0.25767934869806886,-0.057118322419972056,0.4421615722233537,801600.0,867205.0,0.9243489140399329,3123898740.0,293,19.26666666666667,15.69,1.7666666666666668,9.908333333333333,9.716666666666667,4.533333333333332,6.866666666666666,4.398333333333333,2.648333333333334,74.8,36.72,19.62,11.4,v7,True,True,True,True,True,True,True,False,False,True,True,True
59,7327,7327.T,第四北越フィナンシャルグループ,プライム,銀行業,436,False,jpx_liquidity,JPX流動性,,,,2026-08-26,2525.0,0.010404161664665956,0.04037906880922959,0.08462199312714769,0.2739656912209889,0.29062867857687924,2407.45,2253.85,0.04882759766557987,0.1203052554517825,-0.011741682974559686,0.3186594342975916,543800.0,838035.0,0.6488989123365969,1975784570.0,293,15.73333333333333,16.139999999999997,8.5,8.55,8.433333333333335,2.7500000000000004,3.933333333333333,6.195,4.526666666666666,74.76,40.37,16.98,6.68,v7,True,True,True,True,True,True,True,False,True,True,True,True
60,4680,4680.T,ラウンドワン,プライム,サービス業,278,False,jpx_liquidity,JPX流動性,,,,2026-08-26,1352.0,0.0033395176252319914,0.02191987906273618,0.09076240419523995,0.5038932146829811,0.31004776720489935,1298.125,1182.5949534098306,0.041502166586422806,0.14324857898447485,-0.010248901903367469,0.43668678598532573,1436400.0,3279200.0,0.4380336667479873,4198895835.0,293,16.03333333333333,17.835,8.666666666666668,8.15,8.85,5.383333333333334,0.8533333333333334,6.23,2.753333333333333,74.76,42.54,17.0,6.24,v7,True,True,True,True,True,True,True,False,True,True,True,True
61,4480,4480.T,メドレー,プライム,情報・通信業,590,False,jpx_liquidity,JPX流動性,,,,2026-08-26,2704.0,-0.012778386272362163,-0.06500691562932226,0.35674862017059716,0.2524316813339509,0.44908896034297974,2417.75,2171.8333333333335,0.11839520215075994,0.24503107973294447,-0.0861777627576884,0.8777906215271941,357000.0,372885.0,0.9573997345025946,1012512780.0,293,19.433333333333334,15.78,9.216666666666665,9.716666666666667,9.616666666666667,0.10833333333333335,7.04,3.4066666666666667,0.42,74.74,44.43,19.33,7.15,v7,True,True,True,True,True,True,True,False,False,True,False,False
62,2492,2492.T,インフォマート,プライム,サービス業,435,False,jpx_liquidity,JPX流動性,,,,2026-08-26,596.0,-0.009966777408637828,0.04013961605584648,0.08561020036429867,0.5643044619422573,0.486284289276808,578.9,478.6883565266927,0.02953878044567282,0.24506893028380095,-0.02931596091205213,0.6980603721361115,2556500.0,3471905.0,0.7363392719558859,1985430280.0,293,15.8,17.835,9.366666666666667,7.1833333333333345,9.633333333333335,2.766666666666667,5.48,5.541666666666666,1.1083333333333334,74.72,43.0,16.82,8.25,v7,True,True,True,True,True,True,True,False,True,True,True,True
63,8604,8604.T,野村ホールディングス,プライム,証券、商品先物取引業,94,True,jpx_liquidity,JPX流動性,35.0,1.0,出来高,2026-08-26,1603.5,0.02036271078587326,0.062272275587943016,0.02068746021642265,0.23488640739314604,0.20691210146980832,1547.025,1494.475,0.0365055509768748,0.07295204001405176,-0.013837638376383743,0.33238201808618273,12144500.0,9985040.0,1.216269539230689,15578758070.0,293,10.666666666666668,15.360000000000003,7.6,7.85,6.8166666666666655,8.45,7.6,6.078333333333332,4.27,74.69,33.63,14.67,16.05,v7,True,True,True,True,True,True,True,True,True,True,True,True
64,2146,2146.T,ＵＴグループ,プライム,サービス業,455,True,jpx_liquidity,JPX流動性,69.0,1.0,出来高,2026-08-26,230.0,0.0,0.022222222222222143,0.25,0.25683060109289624,0.11725297701287096,209.15,187.66666666666666,0.09968921826440358,0.22557726465364136,-0.017094017094017144,0.7593301093241326,5987800.0,8345690.0,0.7174721323221926,1781137780.0,293,18.766666666666666,15.84,6.3,9.566666666666668,9.55,2.4333333333333336,5.213333333333333,5.985,0.8516666666666667,74.51,40.91,19.12,7.65,v7,False,True,True,True,True,True,True,False,True,True,True,False
65,8725,8725.T,ＭＳ＆ＡＤインシュアランスグループホールディングス,プライム,保険業,72,True,jpx_liquidity,JPX流動性,114.0,1.0,出来高,2026-08-26,5084.0,0.0023659305993690705,0.046090534979423836,0.008930343322087753,0.18287575616565843,0.20066398405423502,4895.8,4650.383333333333,0.038441112790555065,0.09324320934116548,0.0,0.24800506880827736,3724200.0,4144835.0,0.898515863719545,20097208365.0,293,9.166666666666664,13.83,7.5166666666666675,8.0,7.7,8.816666666666668,6.693333333333333,6.8133333333333335,5.915,74.45,30.51,15.7,15.51,v7,True,True,True,True,True,True,True,False,True,True,True,True
66,6508,6508.T,明電舎,プライム,電気機器,287,False,jpx_liquidity,JPX流動性,,,,2026-08-26,11750.0,0.014680483592400595,0.0389036251105217,0.4038231780167265,0.1856710393541876,0.4999455534225019,11035.0,9964.833333333334,0.06479383778885373,0.17914666577464078,-0.07187993680884674,0.7684581680554405,214000.0,373850.0,0.5724220944228969,4074617150.0,293,19.816666666666666,14.01,9.45,9.1,9.25,5.2333333333333325,2.8666666666666667,3.8500000000000005,0.8283333333333335,74.4,43.28,18.35,8.1,v7,True,True,True,True,True,True,True,False,False,True,True,True
67,8001,8001.T,伊藤忠商事,プライム,卸売業,52,True,jpx_liquidity,JPX流動性,42.0,1.0,出来高,2026-08-26,2138.0,0.009442870632672351,0.08143651997976731,0.06980235176382288,0.13753657887736104,-0.031135976109775365,2045.2,1937.175,0.045374535497750834,0.10366900254236189,0.0,0.26088652770725024,10236800.0,13643655.0,0.750297482602719,27082863842.5,293,14.666666666666664,12.03,3.6833333333333336,8.4,7.9,9.15,5.68,6.8133333333333335,5.6466666666666665,73.97,30.38,16.3,14.83,v7,True,True,True,True,True,True,True,False,True,True,True,True
68,9706,9706.T,日本空港ビルデング,プライム,不動産業,412,False,jpx_liquidity,JPX流動性,,,,2026-08-26,5863.0,0.002564979480164098,0.05335968379446632,0.0445394619632995,0.22785340314136127,0.12054729528080266,5711.25,5267.3,0.026570365506675353,0.11309399502591466,0.0,0.22710342068892936,572100.0,365195.0,1.566560330782185,2173611520.0,293,12.93333333333333,15.180000000000001,6.366666666666667,7.0166666666666675,8.266666666666667,3.15,7.8133333333333335,6.8133333333333335,6.3116666666666665,73.85,34.48,15.28,10.96,v7,True,True,True,True,True,True,True,True,True,True,True,True
69,8341,8341.T,七十七銀行,プライム,銀行業,374,False,jpx_liquidity,JPX流動性,,,,2026-08-26,3872.0,0.021635883905013253,0.04818624796968063,0.08156424581005584,0.25226390685640365,0.2543535995263424,3682.25,3485.2833333333333,0.05153099327856614,0.11095702405830221,-0.010224948875255602,0.3447121169871673,442500.0,703005.0,0.6294407578893465,2540089830.0,293,15.53333333333333,15.75,8.066666666666665,8.666666666666668,8.15,3.7833333333333337,3.5733333333333333,6.241666666666667,4.071666666666666,73.84,39.35,16.82,7.36,v7,True,True,True,True,True,True,True,False,True,True,True,True
70,4722,4722.T,フューチャー,プライム,情報・通信業,279,False,jpx_liquidity,JPX流動性,,,,2026-08-26,2449.0,0.00040849673202614234,0.0012264922322158256,0.04658119658119664,0.5315822388993121,0.39068710959682007,2442.8,1959.0445373535156,0.002538071065989689,0.25009919545186454,0.0,0.11300475982722703,348300.0,1723325.0,0.202109294532372,4193196065.0,293,13.266666666666666,17.835,9.066666666666665,4.216666666666668,9.683333333333335,5.366666666666666,0.08666666666666668,6.8133333333333335,6.935833333333332,73.27,40.17,13.9,5.45,v7,True,True,True,True,True,True,True,False,True,True,True,True
71,5830,5830.T,いよぎんホールディングス,プライム,銀行業,288,False,jpx_liquidity,JPX流動性,,,,2026-08-26,3930.0,0.014193548387096744,0.028795811518324665,0.07172075265884925,0.3176865046102264,0.21813812978450664,3788.4,3413.575,0.037377256889451926,0.15128567557472739,-0.026986877940084142,0.34469183006456466,553600.0,1103770.0,0.5015537657301793,3970772330.0,293,14.833333333333336,16.86,7.683333333333333,7.9833333333333325,8.933333333333332,5.216666666666666,1.7333333333333334,5.6,4.083333333333334,72.93,39.38,16.92,6.95,v7,True,True,True,True,True,True,True,False,True,True,True,True
72,4443,4443.T,Ｓａｎｓａｎ,プライム,情報・通信業,391,False,jpx_liquidity,JPX流動性,,,,2026-08-26,2103.0,-0.023223409196470035,0.039031620553359625,0.0669710806697108,0.19150141643059482,0.830019098178062,2027.8,1765.05,0.03708452510109472,0.1914676638055579,-0.06450177935943058,0.5262788777885647,1289000.0,1202770.0,1.0716928423555625,2385949235.0,293,14.5,14.22,9.908333333333333,7.95,9.3,3.5,7.306666666666667,4.118333333333334,2.03,72.83,38.63,17.25,10.81,v7,True,True,True,True,True,True,True,False,False,True,True,True
73,6301,6301.T,小松製作所,プライム,機械,63,False,jpx_liquidity,JPX流動性,,,,2026-08-26,7440.0,0.0,0.09299250771264878,0.10222222222222221,0.14992272024729525,-0.005274997483340149,7199.0,6762.683333333333,0.033476871787748275,0.10015501736243748,-0.0008058017727639033,0.46296232670507265,2410200.0,3235605.0,0.7448993310370086,22791469885.0,293,16.5,12.750000000000002,4.183333333333334,7.583333333333332,7.833333333333332,8.966666666666665,5.573333333333334,6.591666666666668,2.485,72.47,33.43,15.42,14.54,v7,True,True,True,True,True,True,True,False,True,True,True,True
74,7752,7752.T,リコー,プライム,電気機器,251,False,jpx_liquidity,JPX流動性,,,,2026-08-26,1690.0,0.007751937984496138,0.0638967579477494,0.06055851898336995,0.15201090661213357,0.1791376190030467,1618.3,1529.7,0.04430575295062722,0.1047917892397201,0.0,0.312351068092587,2100400.0,3126250.0,0.671859256297481,4975098607.5,293,14.16666666666667,12.840000000000002,7.116666666666667,8.333333333333336,7.916666666666665,5.833333333333334,4.44,6.8133333333333335,4.666666666666666,72.13,34.12,16.25,10.27,v7,True,True,True,True,True,True,True,False,True,True,True,True
75,4502,4502.T,武田薬品工業,プライム,医薬品,60,True,jpx_liquidity,JPX流動性,134.0,1.0,出来高,2026-08-26,5860.0,0.00808532599346301,0.01577396429190503,0.020194986072423315,0.20057365293997131,0.02901116143677518,5618.15,5350.216666666666,0.04304797842706232,0.09528274555859118,-0.005093378607809895,0.28310299585433785,3073000.0,4163905.0,0.7380091524662546,23172418875.0,293,10.533333333333333,14.519999999999998,4.866666666666667,8.25,7.7333333333333325,9.016666666666666,5.493333333333334,6.463333333333333,5.215,72.09,29.92,15.98,14.51,v7,True,True,True,True,True,True,True,False,True,True,True,True
76,2607,2607.T,不二製油,プライム,食料品,497,False,jpx_liquidity,JPX流動性,,,,2026-08-26,4562.0,-0.013194895089768566,0.023558447386134107,0.1450803212851406,0.29639102017618635,0.183896557865453,4317.6,4005.8166666666666,0.056605521586066354,0.13884393111683435,-0.013194895089768566,0.4246410061757101,185600.0,339025.0,0.547452252783718,1454444560.0,293,17.533333333333335,16.44,7.2,8.833333333333332,8.8,1.7333333333333336,2.466666666666667,6.136666666666668,2.87,72.01,41.17,17.63,4.2,v7,True,True,True,True,True,True,True,False,True,True,True,True
77,9434,9434.T,ソフトバンク,プライム,情報・通信業,78,True,jpx_liquidity,JPX流動性,6.0,1.0,出来高,2026-08-26,239.5,0.0008357582352347404,0.03055080159200907,0.03769496028252295,0.1082831709189096,0.14860313250104307,231.7249984741211,219.74833399454752,0.033552709362719924,0.08988312059713977,0.0,0.26957951686407083,66297600.0,82578880.0,0.8028396606977474,18806908155.36461,293,12.366666666666665,10.68,6.716666666666665,7.616666666666667,7.566666666666667,8.716666666666667,6.093333333333334,6.8133333333333335,5.425,72.0,29.76,15.18,14.81,v7,False,True,True,True,True,True,True,False,True,True,True,False
78,6457,6457.T,グローリー,プライム,機械,561,False,jpx_liquidity,JPX流動性,,,,2026-08-26,4893.0,0.004929143561306137,0.043728668941979576,0.09072670530539462,0.23094339622641513,0.23182420016081173,4749.05,4301.883333333333,0.030311325422979207,0.13740880931994903,-0.0064974619289339675,0.298511490721724,168500.0,241620.0,0.697376045029385,1143970425.0,293,16.0,15.21,7.833333333333332,7.2666666666666675,8.75,0.6666666666666667,4.88,6.381666666666666,4.9,71.89,39.04,16.02,5.55,v7,True,True,True,True,True,True,True,False,True,True,True,True
79,6330,6330.T,東洋エンジニアリング,プライム,建設業,158,True,jpx_liquidity,JPX流動性,41.0,1.0,出来高,2026-08-26,2504.0,-0.04790874524714828,0.1055187637969095,0.25137431284357814,0.305526590198123,-0.28762446657183505,2251.6,2072.9,0.11209806359921837,0.20796951131265362,-0.3063711911357341,0.872967318589679,10390000.0,3432645.0,3.026820425648443,8917553935.0,293,18.86666666666667,16.62,0.5333333333333334,9.666666666666668,9.4,7.383333333333333,7.926666666666666,0.91,0.4316666666666667,71.74,36.02,19.07,15.31,v7,True,True,True,True,True,True,True,True,False,True,False,False
80,4208,4208.T,ＵＢＥ,プライム,化学,306,False,jpx_liquidity,JPX流動性,,,,2026-08-26,3542.0,0.0033994334277620553,0.0008476970895732183,0.10239651416121998,0.21384509938313911,0.27088201803145284,3435.0,3247.975,0.031149927219796147,0.0905256352034729,-0.03461433633142541,0.30498071035052055,544100.0,1059840.0,0.5133793780193237,3544750160.0,293,16.56666666666667,14.85,8.233333333333334,7.35,7.633333333333333,4.916666666666666,1.9733333333333334,5.308333333333333,4.795,71.63,39.65,14.98,6.89,v7,True,True,True,True,True,True,True,False,True,True,True,True
81,8366,8366.T,滋賀銀行,プライム,銀行業,390,False,jpx_liquidity,JPX流動性,,,,2026-08-26,2755.0,0.021126760563380254,0.04435178165276721,0.05717574827321559,0.388608870967742,0.5957483966479395,2603.4,2520.2,0.058231543366366934,0.09316720895167063,-0.047042545831892046,0.46900508195810964,578800.0,974540.0,0.5939212346337759,2398563830.0,293,13.96666666666667,17.340000000000003,9.633333333333335,8.95,7.683333333333333,3.5166666666666675,3.16,4.83,2.4033333333333333,71.48,40.94,16.63,6.68,v7,True,True,True,True,True,True,True,False,True,True,True,True
82,9684,9684.T,スクウェア・エニックス・ホールディングス,プライム,情報・通信業,265,False,jpx_liquidity,JPX流動性,,,,2026-08-26,2953.0,0.0,0.022329929028907847,0.09329877823028498,0.17837190742218678,0.1707120662006849,2857.675,2615.891666666667,0.03335753715870404,0.12886937851019553,-0.007061197041022149,0.4386420126460219,1036900.0,1604745.0,0.6461462724607336,4532100057.5,293,16.13333333333333,13.56,7.0166666666666675,7.55,8.616666666666667,5.600000000000001,3.8533333333333335,6.3583333333333325,2.73,71.42,36.71,16.17,9.45,v7,True,True,True,True,True,True,True,False,True,True,True,True
83,9509,9509.T,北海道電力,プライム,電気・ガス業,422,False,jpx_liquidity,JPX流動性,,,,2026-08-26,1094.0,0.016728624535315983,0.04538939321548008,0.07149853085210567,0.20910700128161697,-0.04995460753646341,1044.825,984.3566660563151,0.047065298016414125,0.1113857788792707,-0.031858407079646045,0.2151795241221086,1897900.0,1971825.0,0.9625093504748139,2067606727.5,293,14.766666666666666,14.76,3.2166666666666663,8.5,8.2,2.983333333333334,7.053333333333334,5.448333333333332,6.463333333333333,71.39,32.74,16.7,10.04,v7,True,True,True,True,True,True,True,False,True,True,True,True
84,3086,3086.T,Ｊ．フロント　リテイリング,プライム,小売業,335,False,jpx_liquidity,JPX流動性,,,,2026-08-26,3130.0,0.01065547303842429,0.08492201039861347,0.026229508196721207,0.4169307378904481,0.25099920063948833,2970.675,2909.5333333333333,0.053632591919344774,0.07577389272048207,-0.13464196848216758,0.3162382447959133,1045000.0,1029015.0,1.015534273066962,3060688760.0,293,11.266666666666667,17.49,8.0,8.766666666666667,6.983333333333335,4.433333333333334,7.1866666666666665,2.5316666666666667,4.596666666666667,71.26,36.76,15.75,11.62,v7,True,True,True,True,True,True,True,False,False,True,True,True
85,9147,9147.T,ＮＩＰＰＯＮ　ＥＸＰＲＥＳＳホールディングス,プライム,陸運業,177,False,jpx_liquidity,JPX流動性,,,,2026-08-26,5734.0,0.003675827061088821,0.039521392313270454,0.068380845910192,0.0926067073170731,0.5145272054939249,5456.65,5314.901725260416,0.05082788890619705,0.07885343820144652,0.0,0.34211805704163323,856200.0,1372925.0,0.6236320265127374,7376777760.0,293,14.56666666666667,9.78,9.516666666666667,8.65,7.133333333333335,7.066666666666667,3.52,6.8133333333333335,4.141666666666667,71.19,33.86,15.78,10.59,v7,True,True,True,True,True,True,True,False,True,True,True,True
86,9843,9843.T,ニトリホールディングス,プライム,小売業,125,False,jpx_liquidity,JPX流動性,,,,2026-08-26,3030.0,-0.013992840872111945,0.04231166150670784,0.1562678878076702,0.1971552745950218,-0.01589318924261185,2867.0,2612.8416666666667,0.05685385420299971,0.1596569507656096,-0.022580645161290325,0.5484785419814943,1804700.0,4049780.0,0.44562914528690445,11313065402.5,293,17.9,14.429999999999998,3.9666666666666663,8.866666666666667,9.066666666666665,7.933333333333333,0.9866666666666667,5.7283333333333335,1.9016666666666668,70.78,36.3,17.93,8.92,v7,True,True,True,True,True,True,True,False,True,True,True,True
87,4684,4684.T,オービック,プライム,情報・通信業,182,False,jpx_liquidity,JPX流動性,,,,2026-08-26,4774.0,-0.00041876046901168085,0.036474164133738496,0.04532515874753673,0.14732035568372992,0.1811240775291949,4613.15,4212.483333333334,0.03486771511873665,0.1332982524164288,-0.0027156883225402106,0.3076848311232882,968300.0,1615410.0,0.5994143901548213,7215013000.0,293,13.066666666666665,12.63,7.133333333333335,7.766666666666665,8.666666666666668,6.983333333333335,3.2,6.533333333333332,4.748333333333333,70.73,32.83,16.43,10.18,v7,True,True,True,True,True,True,True,False,True,True,True,True
88,4543,4543.T,テルモ,プライム,精密機器,113,True,jpx_liquidity,JPX流動性,126.0,1.0,出来高,2026-08-26,2572.0,-0.009435778933179262,0.040453074433656866,0.1236347750109219,0.09656789597100834,0.2709657719483507,2488.8,2320.5916666666667,0.0334297653487623,0.10833803160831823,-0.0376052385406922,0.44558118162110655,3286000.0,5206185.0,0.6311723459692654,12753325292.5,293,17.233333333333334,9.990000000000002,8.25,7.566666666666667,8.033333333333333,8.133333333333333,3.64,5.2266666666666675,2.6133333333333337,70.69,35.47,15.6,11.77,v7,True,True,True,True,True,True,True,False,True,True,True,True
89,5901,5901.T,東洋製罐グループホールディングス,プライム,金属製品,576,False,jpx_liquidity,JPX流動性,,,,2026-08-26,4506.0,0.013951395139514045,0.04693308550185882,0.08578313253012038,0.14452628905257803,0.13160624887607764,4293.55,4116.7,0.04948119854199895,0.09456603590254331,0.0,0.2928240835599077,262300.0,247770.0,1.058643096420067,1075541910.0,293,15.83333333333333,12.45,6.4833333333333325,8.583333333333332,7.716666666666665,0.4166666666666666,7.253333333333333,6.8133333333333335,5.028333333333333,70.58,34.77,16.3,7.67,v7,True,True,True,True,True,True,True,False,True,True,True,True
90,8242,8242.T,エイチ・ツー・オー　リテイリング,プライム,小売業,545,False,jpx_liquidity,JPX流動性,,,,2026-08-26,3036.0,0.005631003643590482,0.05987083260603954,0.052522100884035305,0.2241935483870967,0.2713380672198804,2882.225,2783.991666666667,0.05335287841858283,0.09052050562890801,0.0,0.2108227428354714,251200.0,438710.0,0.572587814273666,1235145982.5,293,13.6,15.12,8.266666666666667,8.75,7.616666666666667,0.9333333333333335,2.88,6.8133333333333335,6.51,70.49,36.99,16.37,3.81,v7,True,True,True,True,True,True,True,False,True,True,True,True
91,8354,8354.T,ふくおかフィナンシャルグループ,プライム,銀行業,238,False,jpx_liquidity,JPX流動性,,,,2026-08-26,7747.0,0.012812132304876434,0.03861107387049212,0.026092715231788022,0.21388279536195554,0.2060087846519736,7538.95,7249.4,0.02759668123545067,0.06864016332386136,-0.007176726899910335,0.28971848753234486,537900.0,727785.0,0.7390919021414292,5389560915.0,293,11.233333333333333,14.88,7.583333333333332,7.066666666666667,6.716666666666665,6.05,5.506666666666666,6.346666666666667,5.086666666666667,70.47,33.7,13.78,11.56,v7,True,True,True,True,True,True,True,False,True,True,True,True
92,8522,8522.T,名古屋銀行,プライム,銀行業,554,True,jpx_liquidity,JPX流動性,144.0,1.0,値上がり率,2026-08-26,7040.0,0.030746705710102518,0.04296296296296287,0.04606240713224374,0.2264808362369337,0.25232456110636003,6678.0,6348.0,0.054207846660676795,0.10901071203528678,-0.005649717514124242,0.38903403389606556,153800.0,175985.0,0.873938119726113,1182988650.0,293,13.2,15.15,8.016666666666666,8.783333333333333,8.05,0.7833333333333334,6.6,6.44,3.3833333333333337,70.41,36.37,16.83,7.38,v7,True,True,True,True,True,True,True,False,True,True,True,True
93,9616,9616.T,共立メンテナンス,プライム,サービス業,269,False,jpx_liquidity,JPX流動性,,,,2026-08-26,3431.0,-0.006371271358239228,0.04987760097919214,0.04539914686166968,0.43586524377484825,0.28921539127690643,3385.25,3060.075,0.013514511483642355,0.12121434932150366,-0.014646754738655954,0.2832053450781304,540500.0,1323720.0,0.40831897984468013,4356510105.0,293,13.1,17.55,8.483333333333334,5.450000000000001,8.45,5.533333333333334,0.5466666666666666,6.055,5.203333333333332,70.37,39.13,13.9,6.08,v7,True,True,True,True,True,True,True,False,True,True,True,True
94,7389,7389.T,あいちフィナンシャルグループ,プライム,銀行業,465,False,jpx_liquidity,JPX流動性,,,,2026-08-26,1845.0,0.021594684385382035,0.042962125494629744,0.012068019747668579,0.3840960240060014,0.48212999703461024,1737.1,1569.8333333333333,0.06211501928501528,0.17528400042467362,-0.016000000000000014,0.5567878500734293,736100.0,953615.0,0.7719048043497638,1674561765.0,293,9.466666666666667,17.31,9.333333333333332,9.05,9.216666666666665,2.266666666666666,5.88,6.008333333333333,1.8083333333333333,70.34,36.11,18.27,8.15,v7,True,True,True,True,True,True,True,False,True,True,True,True
95,4503,4503.T,アステラス製薬,プライム,医薬品,98,True,jpx_liquidity,JPX流動性,60.0,1.0,出来高,2026-08-26,2420.5,0.002277432712215255,0.03572956782199399,0.08372509514215354,0.11338546458141674,-0.010978390769740276,2314.2,2208.891666666667,0.04593380001728464,0.09579842077663381,-0.08918156161806212,0.3386945732632645,6620200.0,6542255.0,1.0119140877266324,15047442407.5,293,15.6,10.95,4.066666666666666,8.433333333333335,7.766666666666665,8.383333333333335,7.173333333333333,3.336666666666667,4.165,69.88,30.62,16.2,15.56,v7,True,True,True,True,True,True,True,False,False,True,True,True
96,8253,8253.T,クレディセゾン,プライム,その他金融業,325,False,jpx_liquidity,JPX流動性,,,,2026-08-26,4807.0,0.015205913410770933,0.03420826161790025,0.05671576170586934,0.17905322541084123,0.06463335888017241,4665.7,4503.883333333333,0.030284844717834547,0.06730118083283698,-0.007638315441783616,0.22920648232265217,516100.0,703645.0,0.7334664497011988,3223695745.0,293,13.933333333333335,13.62,5.500000000000001,7.25,6.666666666666665,4.6,5.44,6.323333333333332,6.265,69.6,33.05,13.92,10.04,v7,True,True,True,True,True,True,True,False,True,True,True,True
97,8381,8381.T,山陰合同銀行,プライム,銀行業,558,False,jpx_liquidity,JPX流動性,,,,2026-08-26,2581.0,0.012553942722636435,0.014544025157232632,0.04156577885391455,0.2658165767533105,0.5308166273202837,2494.9,2361.9333333333334,0.03451040121848559,0.09274887803776566,-0.02234848484848484,0.3126638380883376,324000.0,468955.0,0.6908978473414293,1165723300.0,293,12.733333333333334,15.99,9.533333333333335,7.716666666666665,7.666666666666668,0.7166666666666667,4.76,5.751666666666668,4.655,69.52,38.26,15.38,5.48,v7,True,True,True,True,True,True,True,False,True,True,True,True
98,9503,9503.T,関西電力,プライム,電気・ガス業,162,False,jpx_liquidity,JPX流動性,,,,2026-08-26,2608.5,0.006559907389542818,0.10529661016949143,0.07789256198347116,0.13982958269608914,-0.017358436008971467,2446.575,2360.7833333333333,0.06618435976824744,0.1049298608512712,-0.03816371681415931,0.347264101749804,2423800.0,3598015.0,0.6736492204729553,8678847932.5,293,15.233333333333334,12.21,3.9333333333333327,9.15,7.933333333333333,7.316666666666667,4.493333333333333,5.203333333333332,4.001666666666666,69.47,31.38,17.08,11.81,v7,True,True,True,True,True,True,True,False,True,True,True,True
99,4206,4206.T,アイカ工業,プライム,化学,512,False,jpx_liquidity,JPX流動性,,,,2026-08-26,4150.0,0.00875060768108904,0.027991082486995333,0.11499193981730249,0.21843805049911924,0.05592145987800978,4012.5,3742.0333333333333,0.03426791277258556,0.10902272383107214,-0.013314312886352875,0.3040761488880308,220000.0,346180.0,0.6355075394303541,1371148355.0,293,17.033333333333335,15.06,5.383333333333334,7.683333333333333,8.066666666666665,1.4833333333333334,3.72,6.125,4.818333333333333,69.37,37.48,15.75,5.2,v7,True,True,True,True,True,True,True,False,True,True,True,True
100,4203,4203.T,住友ベークライト,プライム,化学,189,False,jpx_liquidity,JPX流動性,,,,2026-08-26,7540.0,0.021957169964760048,0.04043052297502414,0.19739558519930123,0.0983248361252731,0.28391613577986496,7342.4,7140.8,0.026912181303116123,0.05590410038090976,-0.043147208121827374,0.6341439441932917,754000.0,955640.0,0.7890000418567662,7047399680.0,293,18.366666666666664,10.080000000000002,8.416666666666668,7.033333333333335,6.1,6.866666666666667,5.96,4.9816666666666665,1.435,69.24,36.86,13.13,12.83,v7,True,True,True,True,True,True,True,False,True,True,True,True
