code,name,industry,market,ticker,yahoo_name,best_yahoo_rank,ranking_hits,ranking_sources,candidate_score,snapshot_date,first_seen_date,appearance_count,consecutive_appearances,previous_yahoo_rank,yahoo_rank_change
5071,ヴィス,サービス業,スタンダード,5071.T,フィスコアナリストレポート 5期連続の増収・営業増益｜提供：株式会社ヴィス,1,3,値上がり率・出来高・出来高増加率,450,2026-06-18,2026-06-15,3,2,1.0,0.0
6634,ＪＮグループ,電気機器,スタンダード,6634.T,(株)ＪＮグループ,2,3,値上がり率・出来高・出来高増加率,449,2026-06-18,2026-06-18,1,1,,
9256,サクシード,サービス業,グロース,9256.T,(株)サクシード,3,1,値上がり率,248,2026-06-18,2026-06-18,1,1,,
9432,ＮＴＴ,情報・通信業,プライム,9432.T,ＮＴＴ(株),3,1,出来高,248,2026-06-18,2026-06-15,3,2,2.0,-1.0
3691,デジタルプラス,情報・通信業,グロース,3691.T,(株)デジタルプラス,4,1,値上がり率,247,2026-06-18,2026-06-17,2,2,148.0,144.0
8918,ランド,不動産業,スタンダード,8918.T,(株)ランド,4,1,出来高,247,2026-06-18,2026-06-15,3,2,3.0,-1.0
4564,オンコセラピー・サイエンス,医薬品,グロース,4564.T,オンコセラピー・サイエンス(株),5,2,値上がり率・出来高,346,2026-06-18,2026-06-15,3,2,4.0,-1.0
5367,ニッカトー,ガラス・土石製品,スタンダード,5367.T,(株)ニッカトー,5,2,値上がり率・出来高,346,2026-06-18,2026-06-15,3,2,21.0,16.0
6740,ジャパンディスプレイ,電気機器,プライム,6740.T,(株)ジャパンディスプレイ,6,1,出来高,245,2026-06-18,2026-06-15,3,2,12.0,6.0
7875,竹田ｉＰホールディングス,その他製品,スタンダード,7875.T,竹田ｉＰホールディングス(株),6,2,値上がり率・出来高増加率,345,2026-06-18,2026-06-18,1,1,,
6522,アスタリスク,電気機器,グロース,6522.T,(株)アスタリスク,7,2,値上がり率・出来高増加率,344,2026-06-18,2026-06-18,1,1,,
9434,ソフトバンク,情報・通信業,プライム,9434.T,ソフトバンク(株),7,1,出来高,244,2026-06-18,2026-06-15,3,2,6.0,-1.0
4597,ソレイジア・ファーマ,医薬品,グロース,4597.T,ソレイジア・ファーマ(株),8,1,出来高,243,2026-06-18,2026-06-15,3,2,7.0,-1.0
6327,北川精機,機械,スタンダード,6327.T,北川精機(株),8,1,値上がり率,243,2026-06-18,2026-06-15,3,2,14.0,6.0
8729,ソニーフィナンシャルグループ,保険業,プライム,8729.T,ソニーフィナンシャルグループ(株),9,1,出来高,242,2026-06-18,2026-06-15,3,2,10.0,1.0
8894,ＲＥＶＯＬＵＴＩＯＮ,不動産業,スタンダード,8894.T,(株)ＲＥＶＯＬＵＴＩＯＮ,9,2,値上がり率・出来高,342,2026-06-18,2026-06-18,1,1,,
4888,ステラファーマ,医薬品,グロース,4888.T,ステラファーマ(株),10,2,値上がり率・出来高増加率,341,2026-06-18,2026-06-18,1,1,,
5867,エスネットワークス,サービス業,グロース,5867.T,(株)エスネットワークス,10,2,値上がり率・出来高増加率,341,2026-06-18,2026-06-18,1,1,,
9984,ソフトバンクグループ,情報・通信業,プライム,9984.T,ソフトバンクグループ(株),10,1,出来高,241,2026-06-18,2026-06-15,3,2,8.0,-2.0
2334,イオレ,サービス業,グロース,2334.T,(株)イオレ,11,2,値上がり率・出来高,340,2026-06-18,2026-06-18,1,1,,
8306,三菱ＵＦＪフィナンシャル・グループ,銀行業,プライム,8306.T,(株)三菱ＵＦＪフィナンシャル・グループ,11,1,出来高,240,2026-06-18,2026-06-15,3,2,11.0,0.0
5803,フジクラ,非鉄金属,プライム,5803.T,(株)フジクラ,12,1,出来高,239,2026-06-18,2026-06-15,3,2,13.0,1.0
6981,村田製作所,電気機器,プライム,6981.T,(株)村田製作所,13,2,値上がり率・出来高,338,2026-06-18,2026-06-15,3,2,14.0,1.0
6998,日本タングステン,電気機器,スタンダード,6998.T,日本タングステン(株),13,2,値上がり率・出来高増加率,338,2026-06-18,2026-06-18,1,1,,
4840,トライアイズ,サービス業,スタンダード,4840.T,(株)トライアイズ,14,2,値上がり率・出来高増加率,337,2026-06-18,2026-06-18,1,1,,
6976,太陽誘電,電気機器,プライム,6976.T,太陽誘電(株),14,1,出来高,237,2026-06-18,2026-06-15,3,2,15.0,1.0
7369,メイホーホールディングス,サービス業,グロース,7369.T,(株)メイホーホールディングス,14,1,出来高増加率,237,2026-06-18,2026-06-18,1,1,,
7201,日産自動車,輸送用機器,プライム,7201.T,日産自動車(株),15,1,出来高,236,2026-06-18,2026-06-15,3,2,16.0,1.0
7717,ブイ・テクノロジー,精密機器,プライム,7717.T,(株)ブイ・テクノロジー,15,1,値上がり率,236,2026-06-18,2026-06-17,2,2,66.0,51.0
3449,テクノフレックス,金属製品,スタンダード,3449.T,(株)テクノフレックス,16,1,値上がり率,235,2026-06-18,2026-06-15,3,2,96.0,80.0
7011,三菱重工業,機械,プライム,7011.T,三菱重工業(株),16,1,出来高,235,2026-06-18,2026-06-15,3,2,19.0,3.0
285A,キオクシアホールディングス,電気機器,プライム,285A.T,キオクシアホールディングス(株),17,1,出来高,234,2026-06-18,2026-06-15,3,2,17.0,0.0
6264,マルマエ,機械,プライム,6264.T,(株)マルマエ,17,1,値上がり率,234,2026-06-18,2026-06-15,2,1,20.0,3.0
5016,ＪＸ金属,非鉄金属,プライム,5016.T,ＪＸ金属(株),18,1,出来高,233,2026-06-18,2026-06-15,3,2,9.0,-9.0
7048,ベルトラ,サービス業,グロース,7048.T,ベルトラ(株),18,1,値上がり率,233,2026-06-18,2026-06-15,2,1,30.0,12.0
3803,イメージ情報開発,情報・通信業,グロース,3803.T,イメージ情報開発(株),19,1,値上がり率,232,2026-06-18,2026-06-18,1,1,,
7203,トヨタ自動車,輸送用機器,プライム,7203.T,トヨタ自動車(株),19,1,出来高,232,2026-06-18,2026-06-15,3,2,18.0,-1.0
9246,プロジェクトホールディングス,サービス業,グロース,9246.T,(株)プロジェクトホールディングス,20,2,値上がり率・出来高増加率,331,2026-06-18,2026-06-18,1,1,,
9501,東京電力ホールディングス,電気・ガス業,プライム,9501.T,東京電力ホールディングス(株),20,1,出来高,231,2026-06-18,2026-06-15,3,2,22.0,2.0
9685,ＫＹＣＯＭホールディングス,情報・通信業,スタンダード,9685.T,ＫＹＣＯＭホールディングス(株),20,1,出来高増加率,231,2026-06-18,2026-06-18,1,1,,
3350,メタプラネット,卸売業,スタンダード,3350.T,(株)メタプラネット,21,1,出来高,230,2026-06-18,2026-06-15,3,2,25.0,4.0
4968,荒川化学工業,化学,プライム,4968.T,荒川化学工業(株),21,1,値上がり率,230,2026-06-18,2026-06-18,1,1,,
9162,ブリーチ,サービス業,グロース,9162.T,(株)ブリーチ,21,2,値上がり率・出来高増加率,330,2026-06-18,2026-06-18,1,1,,
175A,Ｗｉｌｌ　Ｓｍａｒｔ,情報・通信業,グロース,175A.T,(株)Ｗｉｌｌ　Ｓｍａｒｔ,22,1,出来高増加率,229,2026-06-18,2026-06-18,1,1,,
4446,Ｌｉｎｋ－Ｕグループ,情報・通信業,プライム,4446.T,Ｌｉｎｋ－Ｕグループ(株),22,1,値上がり率,229,2026-06-18,2026-06-15,2,1,19.0,-3.0
5401,日本製鉄,鉄鋼,プライム,5401.T,日本製鉄(株),22,1,出来高,229,2026-06-18,2026-06-15,3,2,20.0,-2.0
6433,ヒーハイスト,機械,スタンダード,6433.T,ヒーハイスト(株),23,1,値上がり率,228,2026-06-18,2026-06-18,1,1,,
8136,サンリオ,卸売業,プライム,8136.T,(株)サンリオ,23,1,出来高,228,2026-06-18,2026-06-15,3,2,26.0,3.0
6266,タツモ,機械,プライム,6266.T,タツモ(株),24,1,値上がり率,227,2026-06-18,2026-06-15,2,1,28.0,4.0
3687,フィックスターズ,情報・通信業,プライム,3687.T,(株)フィックスターズ,25,2,値上がり率・出来高,326,2026-06-18,2026-06-17,2,2,105.0,80.0
5025,マーキュリー,情報・通信業,グロース,5025.T,(株)マーキュリー,25,1,出来高増加率,226,2026-06-18,2026-06-18,1,1,,
6245,ヒラノテクシード,機械,スタンダード,6245.T,(株)ヒラノテクシード,26,1,値上がり率,225,2026-06-18,2026-06-18,1,1,,
7267,本田技研工業,輸送用機器,プライム,7267.T,ホンダ,26,1,出来高,225,2026-06-18,2026-06-15,3,2,30.0,4.0
2136,ヒップ,サービス業,スタンダード,2136.T,(株)ヒップ,27,1,出来高増加率,224,2026-06-18,2026-06-18,1,1,,
4371,コアコンセプト・テクノロジー,情報・通信業,グロース,4371.T,(株)コアコンセプト・テクノロジー,27,1,値上がり率,224,2026-06-18,2026-06-18,1,1,,
6758,ソニーグループ,電気機器,プライム,6758.T,ソニーグループ(株),27,1,出来高,224,2026-06-18,2026-06-15,3,2,32.0,5.0
5928,アルメタックス,金属製品,スタンダード,5928.T,アルメタックス(株),28,1,出来高増加率,223,2026-06-18,2026-06-15,2,1,29.0,1.0
5998,アドバネクス,金属製品,スタンダード,5998.T,(株)アドバネクス,28,1,値上がり率,223,2026-06-18,2026-06-18,1,1,,
7013,ＩＨＩ,機械,プライム,7013.T,(株)ＩＨＩ,28,1,出来高,223,2026-06-18,2026-06-15,3,2,24.0,-4.0
6656,インスペック,電気機器,スタンダード,6656.T,インスペック(株),29,1,値上がり率,222,2026-06-18,2026-06-18,1,1,,
4100,戸田工業,化学,スタンダード,4100.T,戸田工業(株),30,1,値上がり率,221,2026-06-18,2026-06-15,2,1,37.0,7.0
8316,三井住友フィナンシャルグループ,銀行業,プライム,8316.T,(株)三井住友フィナンシャルグループ,31,1,出来高,220,2026-06-18,2026-06-15,3,2,34.0,3.0
9941,太洋物産,卸売業,スタンダード,9941.T,太洋物産(株),31,1,値上がり率,220,2026-06-18,2026-06-18,1,1,,
3624,アクセルマーク,情報・通信業,グロース,3624.T,アクセルマーク(株),32,1,値上がり率,219,2026-06-18,2026-06-18,1,1,,
6186,一蔵,サービス業,スタンダード,6186.T,(株)一蔵,32,1,出来高増加率,219,2026-06-18,2026-06-18,1,1,,
6752,パナソニック　ホールディングス,電気機器,プライム,6752.T,パナソニック　ホールディングス(株),32,1,出来高,219,2026-06-18,2026-06-15,3,2,35.0,3.0
1961,三機工業,建設業,プライム,1961.T,三機工業(株),33,1,値上がり率,218,2026-06-18,2026-06-15,2,1,108.0,75.0
6526,ソシオネクスト,電気機器,プライム,6526.T,(株)ソシオネクスト,33,2,値上がり率・出来高,318,2026-06-18,2026-06-15,3,2,46.0,13.0
2721,ジェイホールディングス,卸売業,スタンダード,2721.T,(株)ジェイホールディングス,34,2,値上がり率・出来高増加率,317,2026-06-18,2026-06-18,1,1,,
4884,クリングルファーマ,医薬品,グロース,4884.T,クリングルファーマ(株),34,1,値上がり率,217,2026-06-18,2026-06-18,1,1,,
6723,ルネサスエレクトロニクス,電気機器,プライム,6723.T,ルネサスエレクトロニクス(株),34,1,出来高,217,2026-06-18,2026-06-15,3,2,41.0,7.0
4265,Ｉｎｓｔｉｔｕｔｉｏｎ　ｆｏｒ　ａ　Ｇｌｏｂａｌ　Ｓｏｃｉｅｔｙ,情報・通信業,グロース,4265.T,Ｉｎｓｔｉｔｕｔｉｏｎ　ｆｏｒ　ａ　Ｇｌｏｂａｌ　Ｓｏｃｉｅ(株),35,1,値上がり率,216,2026-06-18,2026-06-17,2,2,41.0,6.0
7012,川崎重工業,輸送用機器,プライム,7012.T,川崎重工業(株),35,1,出来高,216,2026-06-18,2026-06-15,3,2,27.0,-8.0
6762,ＴＤＫ,電気機器,プライム,6762.T,ＴＤＫ(株),36,1,出来高,215,2026-06-18,2026-06-15,3,2,40.0,4.0
6890,フェローテック,電気機器,スタンダード,6890.T,(株)フェローテック,36,1,値上がり率,215,2026-06-18,2026-06-18,1,1,,
7122,近畿車輛,輸送用機器,スタンダード,7122.T,近畿車輛(株),36,2,値上がり率・出来高増加率,315,2026-06-18,2026-06-18,1,1,,
330A,ＴａｌｅｎｔＸ,情報・通信業,グロース,330A.T,(株)ＴａｌｅｎｔＸ,37,2,値上がり率・出来高増加率,314,2026-06-18,2026-06-15,2,1,134.0,97.0
5136,ｔｒｉｐｌａ,情報・通信業,グロース,5136.T,ｔｒｉｐｌａ(株),37,1,値上がり率,214,2026-06-18,2026-06-17,2,2,33.0,-4.0
6501,日立製作所,電気機器,プライム,6501.T,(株)日立製作所,37,1,出来高,214,2026-06-18,2026-06-15,3,2,42.0,5.0
8045,横浜丸魚,卸売業,スタンダード,8045.T,横浜丸魚(株),38,1,値上がり率,213,2026-06-18,2026-06-18,1,1,,
6622,ダイヘン,電気機器,プライム,6622.T,(株)ダイヘン,39,1,値上がり率,212,2026-06-18,2026-06-15,2,1,92.0,53.0
8604,野村ホールディングス,証券、商品先物取引業,プライム,8604.T,野村ホールディングス(株),39,1,出来高,212,2026-06-18,2026-06-15,3,2,29.0,-10.0
2802,味の素,食料品,プライム,2802.T,味の素(株),40,2,値上がり率・出来高,311,2026-06-18,2026-06-15,3,2,68.0,28.0
4689,ＬＩＮＥヤフー,情報・通信業,プライム,4689.T,ＬＩＮＥヤフー(株),40,1,出来高,211,2026-06-18,2026-06-15,3,2,45.0,5.0
6772,東京コスモス電機,電気機器,スタンダード,6772.T,東京コスモス電機(株),40,2,値上がり率・出来高増加率,311,2026-06-18,2026-06-18,1,1,,
3436,ＳＵＭＣＯ,金属製品,プライム,3436.T,(株)ＳＵＭＣＯ,41,1,出来高,210,2026-06-18,2026-06-15,3,2,53.0,12.0
3444,菊池製作所,金属製品,スタンダード,3444.T,(株)菊池製作所,41,1,値上がり率,210,2026-06-18,2026-06-18,1,1,,
5987,オーネックス,金属製品,スタンダード,5987.T,(株)オーネックス,41,1,出来高増加率,210,2026-06-18,2026-06-18,1,1,,
5103,昭和ホールディングス,ゴム製品,スタンダード,5103.T,昭和ホールディングス(株),42,1,出来高増加率,209,2026-06-18,2026-06-18,1,1,,
8308,りそなホールディングス,銀行業,プライム,8308.T,(株)りそなホールディングス,42,1,出来高,209,2026-06-18,2026-06-17,2,2,44.0,2.0
3559,ピーバンドットコム,卸売業,スタンダード,3559.T,(株)ピーバンドットコム,43,1,値上がり率,208,2026-06-18,2026-06-18,1,1,,
7544,スリーエフ,小売業,スタンダード,7544.T,(株)スリーエフ,43,1,出来高増加率,208,2026-06-18,2026-06-18,1,1,,
8411,みずほフィナンシャルグループ,銀行業,プライム,8411.T,(株)みずほフィナンシャルグループ,43,1,出来高,208,2026-06-18,2026-06-15,3,2,33.0,-10.0
4027,テイカ,化学,プライム,4027.T,テイカ(株),44,1,値上がり率,207,2026-06-18,2026-06-18,1,1,,
4062,イビデン,電気機器,プライム,4062.T,イビデン(株),44,2,値上がり率・出来高,307,2026-06-18,2026-06-15,3,2,49.0,5.0
4539,日本ケミファ,医薬品,スタンダード,4539.T,日本ケミファ(株),44,1,出来高増加率,207,2026-06-18,2026-06-18,1,1,,
280A,ＴＭＨ,卸売業,グロース,280A.T,(株)ＴＭＨ,45,1,値上がり率,206,2026-06-18,2026-06-17,2,2,86.0,41.0
6315,ＴＯＷＡ,機械,プライム,6315.T,ＴＯＷＡ(株),46,2,値上がり率・出来高,305,2026-06-18,2026-06-15,3,2,146.0,100.0
9661,歌舞伎座,サービス業,スタンダード,9661.T,(株)歌舞伎座,46,1,出来高増加率,205,2026-06-18,2026-06-18,1,1,,
8801,三井不動産,不動産業,プライム,8801.T,三井不動産(株),47,1,出来高,204,2026-06-18,2026-06-15,3,2,50.0,3.0
5020,ＥＮＥＯＳホールディングス,石油・石炭製品,プライム,5020.T,ＥＮＥＯＳホールディングス(株),48,1,出来高,203,2026-06-18,2026-06-15,3,2,73.0,25.0
5537,ＡｌｂａＬｉｎｋ,不動産業,グロース,5537.T,(株)ＡｌｂａＬｉｎｋ,48,1,値上がり率,203,2026-06-18,2026-06-18,1,1,,
6166,中村超硬,機械,グロース,6166.T,(株)中村超硬,49,1,値上がり率,202,2026-06-18,2026-06-18,1,1,,
8001,伊藤忠商事,卸売業,プライム,8001.T,伊藤忠商事(株),49,1,出来高,202,2026-06-18,2026-06-15,3,2,39.0,-10.0
3280,エストラスト,不動産業,スタンダード,3280.T,(株)エストラスト,50,1,出来高増加率,201,2026-06-18,2026-06-18,1,1,,
446A,ノースサンド,サービス業,グロース,446A.T,(株)ノースサンド,50,1,値上がり率,201,2026-06-18,2026-06-18,1,1,,
485A,パワーエックス,電気機器,グロース,485A.T,(株)パワーエックス,50,1,出来高,201,2026-06-18,2026-06-17,2,2,99.0,49.0
4755,楽天グループ,サービス業,プライム,4755.T,楽天グループ(株),52,1,出来高,199,2026-06-18,2026-06-15,3,2,38.0,-14.0
6728,アルバック,電気機器,プライム,6728.T,(株)アルバック,52,1,値上がり率,199,2026-06-18,2026-06-18,1,1,,
7066,ピアズ,サービス業,グロース,7066.T,(株)ピアズ,52,1,出来高増加率,199,2026-06-18,2026-06-18,1,1,,
3777,環境フレンドリーホールディングス,情報・通信業,グロース,3777.T,(株)環境フレンドリーホールディングス,53,1,出来高,198,2026-06-18,2026-06-17,2,2,82.0,29.0
6230,ＳＡＮＥＩ,機械,スタンダード,6230.T,ＳＡＮＥＩ(株),53,1,出来高増加率,198,2026-06-18,2026-06-18,1,1,,
9331,キャスター,サービス業,グロース,9331.T,(株)キャスター,53,1,値上がり率,198,2026-06-18,2026-06-18,1,1,,
4188,三菱ケミカルグループ,化学,プライム,4188.T,三菱ケミカルグループ(株),54,1,出来高,197,2026-06-18,2026-06-15,3,2,64.0,10.0
7735,ＳＣＲＥＥＮホールディングス,電気機器,プライム,7735.T,(株)ＳＣＲＥＥＮホールディングス,54,2,値上がり率・出来高,297,2026-06-18,2026-06-18,1,1,,
92025,ＡＮＡホールディングス第１回社債型種類株式,空運業,プライム,92025.T,ＡＮＡホールディングス（株）第１回社債型種類株式,54,1,出来高増加率,197,2026-06-18,2026-06-15,2,1,74.0,20.0
4568,第一三共,医薬品,プライム,4568.T,第一三共(株),55,1,出来高,196,2026-06-18,2026-06-15,3,2,55.0,0.0
6627,テラプローブ,電気機器,スタンダード,6627.T,(株)テラプローブ,55,1,値上がり率,196,2026-06-18,2026-06-15,2,1,57.0,2.0
6775,ＴＢグループ,電気機器,スタンダード,6775.T,(株)ＴＢグループ,55,1,出来高増加率,196,2026-06-18,2026-06-18,1,1,,
2181,パーソルホールディングス,サービス業,プライム,2181.T,パーソルホールディングス(株),56,1,出来高,195,2026-06-18,2026-06-15,3,2,79.0,23.0
2667,イメージ　ワン,卸売業,スタンダード,2667.T,(株)イメージ　ワン,56,1,値上がり率,195,2026-06-18,2026-06-17,2,2,8.0,-48.0
6217,津田駒工業,機械,スタンダード,6217.T,津田駒工業(株),56,1,出来高増加率,195,2026-06-18,2026-06-18,1,1,,
7211,三菱自動車工業,輸送用機器,プライム,7211.T,三菱自動車(株),57,1,出来高,194,2026-06-18,2026-06-15,3,2,54.0,-3.0
7256,河西工業,輸送用機器,スタンダード,7256.T,河西工業(株),57,2,値上がり率・出来高,294,2026-06-18,2026-06-15,3,2,5.0,-52.0
186A,アストロスケールホールディングス,サービス業,グロース,186A.T,(株)アストロスケールホールディングス,58,1,出来高,193,2026-06-18,2026-06-15,3,2,31.0,-27.0
2152,幼児活動研究会,サービス業,スタンダード,2152.T,幼児活動研究会(株),58,2,値上がり率・出来高増加率,293,2026-06-18,2026-06-18,1,1,,
5578,ＡＲアドバンストテクノロジ,情報・通信業,グロース,5578.T,ＡＲアドバンストテクノロジ(株),59,1,値上がり率,192,2026-06-18,2026-06-18,1,1,,
7182,ゆうちょ銀行,銀行業,プライム,7182.T,(株)ゆうちょ銀行,59,2,値上がり率・出来高,292,2026-06-18,2026-06-15,3,2,78.0,19.0
9446,サカイホールディングス,情報・通信業,スタンダード,9446.T,(株)サカイホールディングス,59,1,出来高増加率,192,2026-06-18,2026-06-18,1,1,,
7269,スズキ,輸送用機器,プライム,7269.T,スズキ(株),60,1,出来高,191,2026-06-18,2026-06-15,3,2,47.0,-13.0
4368,扶桑化学工業,化学,プライム,4368.T,扶桑化学工業(株),61,1,値上がり率,190,2026-06-18,2026-06-18,1,1,,
7974,任天堂,その他製品,プライム,7974.T,任天堂(株),61,1,出来高,190,2026-06-18,2026-06-15,3,2,52.0,-9.0
4496,コマースＯｎｅホールディングス,情報・通信業,グロース,4496.T,(株)コマースＯｎｅホールディングス,62,1,出来高増加率,189,2026-06-18,2026-06-18,1,1,,
543A,ＡＲＣＨＩＯＮ,輸送用機器,プライム,543A.T,ＡＲＣＨＩＯＮ(株),62,1,出来高,189,2026-06-18,2026-06-15,3,2,135.0,73.0
6920,レーザーテック,電気機器,プライム,6920.T,レーザーテック(株),62,2,値上がり率・出来高,289,2026-06-18,2026-06-15,3,2,27.0,-35.0
4425,Ｋｕｄａｎ,情報・通信業,グロース,4425.T,Ｋｕｄａｎ(株),63,1,値上がり率,188,2026-06-18,2026-06-18,1,1,,
6902,デンソー,輸送用機器,プライム,6902.T,(株)デンソー,63,1,出来高,188,2026-06-18,2026-06-15,3,2,69.0,6.0
8138,三京化成,卸売業,スタンダード,8138.T,三京化成(株),63,1,出来高増加率,188,2026-06-18,2026-06-18,1,1,,
4599,ステムリム,医薬品,グロース,4599.T,(株)ステムリム,64,1,値上がり率,187,2026-06-18,2026-06-17,2,2,111.0,47.0
6594,ニデック,電気機器,プライム,6594.T,ニデック(株),64,1,出来高,187,2026-06-18,2026-06-15,3,2,90.0,26.0
1401,エムビーエス,建設業,グロース,1401.T,(株)エムビーエス,65,1,出来高増加率,186,2026-06-18,2026-06-17,2,2,3.0,-62.0
5027,ＡｎｙＭｉｎｄ　Ｇｒｏｕｐ,情報・通信業,グロース,5027.T,ＡｎｙＭｉｎｄ　Ｇｒｏｕｐ(株),65,1,値上がり率,186,2026-06-18,2026-06-18,1,1,,
8105,Ｂｉｔｃｏｉｎ　Ｊａｐａｎ,卸売業,スタンダード,8105.T,Ｂｉｔｃｏｉｎ　Ｊａｐａｎ(株),65,1,出来高,186,2026-06-18,2026-06-15,3,2,72.0,7.0
6177,ＡｐｐＢａｎｋ,サービス業,グロース,6177.T,ＡｐｐＢａｎｋ(株),66,2,値上がり率・出来高増加率,285,2026-06-18,2026-06-18,1,1,,
6702,富士通,電気機器,プライム,6702.T,富士通(株),66,1,出来高,185,2026-06-18,2026-06-15,3,2,81.0,15.0
7318,セレンディップ・ホールディングス,輸送用機器,グロース,7318.T,セレンディップ・ホールディングス(株),66,1,値上がり率,185,2026-06-18,2026-06-18,1,1,,
5632,三菱製鋼,鉄鋼,プライム,5632.T,三菱製鋼(株),67,1,値上がり率,184,2026-06-18,2026-06-18,1,1,,
7833,アイフィスジャパン,その他製品,スタンダード,7833.T,(株)アイフィスジャパン,67,1,出来高増加率,184,2026-06-18,2026-06-18,1,1,,
6663,太洋テクノレックス,電気機器,スタンダード,6663.T,太洋テクノレックス(株),68,1,値上がり率,183,2026-06-18,2026-06-18,1,1,,
6971,京セラ,電気機器,プライム,6971.T,京セラ(株),68,1,出来高,183,2026-06-18,2026-06-15,3,2,75.0,7.0
7426,山大,卸売業,スタンダード,7426.T,(株)山大,68,1,出来高増加率,183,2026-06-18,2026-06-18,1,1,,
4465,ニイタカ,化学,スタンダード,4465.T,(株)ニイタカ,69,1,出来高増加率,182,2026-06-18,2026-06-18,1,1,,
5033,ヌーラボ,情報・通信業,グロース,5033.T,(株)ヌーラボ,69,1,値上がり率,182,2026-06-18,2026-06-18,1,1,,
7532,パン・パシフィック・インターナショナルホールディングス,小売業,プライム,7532.T,(株)パン・パシフィック・インターナショナルホールディングス,69,1,出来高,182,2026-06-18,2026-06-15,3,2,61.0,-8.0
7715,長野計器,精密機器,プライム,7715.T,長野計器(株),70,1,値上がり率,181,2026-06-18,2026-06-17,2,2,135.0,65.0
3891,ニッポン高度紙工業,パルプ・紙,スタンダード,3891.T,ニッポン高度紙工業(株),71,1,値上がり率,180,2026-06-18,2026-06-17,2,2,32.0,-39.0
5856,エルアイイーエイチ,小売業,スタンダード,5856.T,(株)エルアイイーエイチ,71,1,出来高,180,2026-06-18,2026-06-15,3,2,74.0,3.0
7361,ヒューマンクリエイションホールディングス,サービス業,グロース,7361.T,(株)ヒューマンクリエイションホールディングス,71,1,出来高増加率,180,2026-06-18,2026-06-18,1,1,,
3768,リスクモンスター,情報・通信業,スタンダード,3768.T,リスクモンスター(株),72,1,出来高増加率,179,2026-06-18,2026-06-18,1,1,,
4005,住友化学,化学,プライム,4005.T,住友化学(株),72,1,出来高,179,2026-06-18,2026-06-15,3,2,57.0,-15.0
5885,ジーデップ・アドバンス,卸売業,スタンダード,5885.T,(株)ジーデップ・アドバンス,72,1,値上がり率,179,2026-06-18,2026-06-18,1,1,,
2437,Ｓｈｉｎｗａ　Ｗｉｓｅ　Ｈｏｌｄｉｎｇｓ,サービス業,スタンダード,2437.T,Ｓｈｉｎｗａ　Ｗｉｓｅ　Ｈｏｌｄｉｎｇｓ(株),73,1,値上がり率,178,2026-06-18,2026-06-15,3,2,12.0,-61.0
8267,イオン,小売業,プライム,8267.T,イオン(株),73,1,出来高,178,2026-06-18,2026-06-15,3,2,86.0,13.0
3936,グローバルウェイ,情報・通信業,グロース,3936.T,(株)グローバルウェイ,74,1,値上がり率,177,2026-06-18,2026-06-18,1,1,,
6857,アドバンテスト,電気機器,プライム,6857.T,(株)アドバンテスト,74,1,出来高,177,2026-06-18,2026-06-15,3,2,60.0,-14.0
75505,ゼンショーホールディングス第１回社債型種類株式,小売業,プライム,75505.T,（株）ゼンショーホールディングス第1回社債型種類株式,74,1,出来高増加率,177,2026-06-18,2026-06-18,1,1,,
5991,日本発條,金属製品,プライム,5991.T,ニッパツ,75,1,値上がり率,176,2026-06-18,2026-06-17,2,2,110.0,35.0
9073,京極運輸商事,陸運業,スタンダード,9073.T,京極運輸商事(株),75,1,出来高増加率,176,2026-06-18,2026-06-18,1,1,,
1724,シンクレイヤ,建設業,スタンダード,1724.T,シンクレイヤ(株),76,1,出来高増加率,175,2026-06-18,2026-06-18,1,1,,
6614,シキノハイテック,電気機器,スタンダード,6614.T,(株)シキノハイテック,76,1,値上がり率,175,2026-06-18,2026-06-18,1,1,,
8058,三菱商事,卸売業,プライム,8058.T,三菱商事(株),76,1,出来高,175,2026-06-18,2026-06-15,3,2,65.0,-11.0
4461,第一工業製薬,化学,プライム,4461.T,第一工業製薬(株),77,1,値上がり率,174,2026-06-18,2026-06-15,2,1,132.0,55.0
6030,アドベンチャー,サービス業,グロース,6030.T,(株)アドベンチャー,77,1,出来高増加率,174,2026-06-18,2026-06-18,1,1,,
2138,クルーズ,情報・通信業,スタンダード,2138.T,クルーズ(株),78,1,出来高増加率,173,2026-06-18,2026-06-18,1,1,,
3103,ユニチカ,繊維製品,スタンダード,3103.T,ユニチカ(株),78,1,出来高,173,2026-06-18,2026-06-17,2,2,49.0,-29.0
5757,ＣＫサンエツ,非鉄金属,プライム,5757.T,(株)ＣＫサンエツ,78,1,値上がり率,173,2026-06-18,2026-06-18,1,1,,
4372,ユミルリンク,情報・通信業,グロース,4372.T,ユミルリンク(株),79,1,出来高増加率,172,2026-06-18,2026-06-18,1,1,,
5471,大同特殊鋼,鉄鋼,プライム,5471.T,大同特殊鋼(株),79,1,値上がり率,172,2026-06-18,2026-06-15,2,1,135.0,56.0
6701,日本電気,電気機器,プライム,6701.T,ＮＥＣ,79,1,出来高,172,2026-06-18,2026-06-15,3,2,98.0,19.0
331A,メディックス,サービス業,スタンダード,331A.T,(株)メディックス,80,1,出来高増加率,171,2026-06-18,2026-06-18,1,1,,
3810,サイバーステップホールディングス,情報・通信業,スタンダード,3810.T,サイバーステップホールディングス(株),80,1,値上がり率,171,2026-06-18,2026-06-18,1,1,,
6966,三井ハイテック,電気機器,プライム,6966.T,(株)三井ハイテック,80,1,出来高,171,2026-06-18,2026-06-15,3,2,10.0,-70.0
3766,システムズ・デザイン,情報・通信業,スタンダード,3766.T,システムズ・デザイン(株),81,1,出来高増加率,170,2026-06-18,2026-06-18,1,1,,
6098,リクルートホールディングス,サービス業,プライム,6098.T,(株)リクルートホールディングス,81,2,値上がり率・出来高,270,2026-06-18,2026-06-17,2,2,144.0,63.0
5078,セレコーポレーション,建設業,スタンダード,5078.T,(株)セレコーポレーション,82,1,出来高増加率,169,2026-06-18,2026-06-18,1,1,,
6323,ローツェ,機械,プライム,6323.T,ローツェ(株),82,1,値上がり率,169,2026-06-18,2026-06-15,2,1,100.0,18.0
9433,ＫＤＤＩ,情報・通信業,プライム,9433.T,ＫＤＤＩ(株),82,1,出来高,169,2026-06-18,2026-06-15,3,2,80.0,-2.0
6503,三菱電機,電気機器,プライム,6503.T,三菱電機(株),83,1,出来高,168,2026-06-18,2026-06-15,3,2,119.0,36.0
8107,キムラタン,繊維製品,スタンダード,8107.T,(株)キムラタン,83,2,値上がり率・出来高,268,2026-06-18,2026-06-17,2,2,93.0,10.0
9408,ＢＳＮメディアホールディングス,情報・通信業,スタンダード,9408.T,(株)ＢＳＮメディアホールディングス,83,1,出来高増加率,168,2026-06-18,2026-06-18,1,1,,
3753,フライトソリューションズ,情報・通信業,スタンダード,3753.T,(株)フライトソリューションズ,84,2,値上がり率・出来高増加率,267,2026-06-18,2026-06-17,2,2,121.0,37.0
7220,武蔵精密工業,輸送用機器,プライム,7220.T,武蔵精密工業(株),84,1,出来高,167,2026-06-18,2026-06-17,2,2,29.0,-55.0
4063,信越化学工業,化学,プライム,4063.T,信越化学工業(株),85,1,出来高,166,2026-06-18,2026-06-15,3,2,100.0,15.0
7072,インティメート・マージャー,サービス業,グロース,7072.T,(株)インティメート・マージャー,85,2,値上がり率・出来高増加率,266,2026-06-18,2026-06-18,1,1,,
2962,テクニスコ,金属製品,スタンダード,2962.T,(株)テクニスコ,86,1,値上がり率,165,2026-06-18,2026-06-15,2,1,123.0,37.0
6731,ピクセラ,電気機器,スタンダード,6731.T,(株)ピクセラ,87,2,出来高・出来高増加率,264,2026-06-18,2026-06-18,1,1,,
8113,ユニ・チャーム,化学,プライム,8113.T,ユニ・チャーム(株),87,1,出来高,164,2026-06-18,2026-06-15,3,2,125.0,38.0
190A,Ｃｈｏｒｄｉａ　Ｔｈｅｒａｐｅｕｔｉｃｓ,医薬品,グロース,190A.T,Ｃｈｏｒｄｉａ　Ｔｈｅｒａｐｅｕｔｉｃｓ(株),88,1,値上がり率,163,2026-06-18,2026-06-18,1,1,,
3237,イントランス,不動産業,グロース,3237.T,(株)イントランス,88,1,出来高,163,2026-06-18,2026-06-15,3,2,19.0,-69.0
6763,帝国通信工業,電気機器,プライム,6763.T,帝国通信工業(株),89,1,値上がり率,162,2026-06-18,2026-06-18,1,1,,
6954,ファナック,電気機器,プライム,6954.T,ファナック(株),90,1,出来高,161,2026-06-18,2026-06-17,2,2,92.0,2.0
7727,オーバル,精密機器,スタンダード,7727.T,(株)オーバル,90,1,値上がり率,161,2026-06-18,2026-06-18,1,1,,
9036,東部ネットワーク,陸運業,スタンダード,9036.T,東部ネットワーク(株),91,1,値上がり率,160,2026-06-18,2026-06-18,1,1,,
2934,ジェイフロンティア,食料品,グロース,2934.T,ジェイフロンティア(株),92,1,出来高増加率,159,2026-06-18,2026-06-18,1,1,,
4099,四国化成ホールディングス,化学,プライム,4099.T,四国化成ホールディングス(株),92,1,値上がり率,159,2026-06-18,2026-06-18,1,1,,
6525,ＫＯＫＵＳＡＩ　ＥＬＥＣＴＲＩＣ,電気機器,プライム,6525.T,(株)ＫＯＫＵＳＡＩ　ＥＬＥＣＴＲＩＣ,92,1,出来高,159,2026-06-18,2026-06-15,3,2,94.0,2.0
3551,ダイニック,繊維製品,スタンダード,3551.T,ダイニック(株),93,1,値上がり率,158,2026-06-18,2026-06-18,1,1,,
5905,日本製罐,金属製品,スタンダード,5905.T,日本製罐(株),93,1,出来高増加率,158,2026-06-18,2026-06-18,1,1,,
8035,東京エレクトロン,電気機器,プライム,8035.T,東京エレクトロン(株),93,2,値上がり率・出来高,258,2026-06-18,2026-06-15,3,2,104.0,11.0
6365,電業社機械製作所,機械,スタンダード,6365.T,(株)電業社機械製作所,94,1,出来高増加率,157,2026-06-18,2026-06-18,1,1,,
6794,フォスター電機,電気機器,プライム,6794.T,フォスター電機(株),94,1,値上がり率,157,2026-06-18,2026-06-18,1,1,,
8410,セブン銀行,銀行業,プライム,8410.T,(株)セブン銀行,94,1,出来高,157,2026-06-18,2026-06-15,2,1,96.0,2.0
2146,ＵＴグループ,サービス業,プライム,2146.T,ＵＴグループ(株),95,1,出来高,156,2026-06-18,2026-06-15,3,2,134.0,39.0
6138,ダイジェット工業,機械,スタンダード,6138.T,ダイジェット工業(株),95,1,出来高増加率,156,2026-06-18,2026-06-18,1,1,,
6997,日本ケミコン,電気機器,プライム,6997.T,日本ケミコン(株),95,1,値上がり率,156,2026-06-18,2026-06-15,3,2,16.0,-79.0
3920,アイビーシー,情報・通信業,スタンダード,3920.T,アイビーシー(株),96,1,出来高増加率,155,2026-06-18,2026-06-18,1,1,,
4554,富士製薬工業,医薬品,プライム,4554.T,富士製薬工業(株),96,1,値上がり率,155,2026-06-18,2026-06-18,1,1,,
9412,スカパーＪＳＡＴ,情報・通信業,プライム,9412.T,スカパーＪＳＡＴ(株),97,1,出来高,154,2026-06-18,2026-06-15,2,1,147.0,50.0
1911,住友林業,建設業,プライム,1911.T,住友林業(株),98,1,出来高,153,2026-06-18,2026-06-15,2,1,132.0,34.0
4203,住友ベークライト,化学,プライム,4203.T,住友ベークライト(株),98,1,値上がり率,153,2026-06-18,2026-06-18,1,1,,
8715,アニコム　ホールディングス,保険業,プライム,8715.T,アニコム　ホールディングス(株),99,1,値上がり率,152,2026-06-18,2026-06-18,1,1,,
3498,霞ヶ関キャピタル,不動産業,プライム,3498.T,霞ヶ関キャピタル(株),100,1,値上がり率,151,2026-06-18,2026-06-15,3,2,140.0,40.0
4503,アステラス製薬,医薬品,プライム,4503.T,アステラス製薬(株),100,1,出来高,151,2026-06-18,2026-06-15,3,2,89.0,-11.0
4586,メドレックス,医薬品,グロース,4586.T,(株)メドレックス,100,1,出来高増加率,151,2026-06-18,2026-06-18,1,1,,
5721,エスクリプトエナジー,非鉄金属,スタンダード,5721.T,エスクリプトエナジー(株),102,1,出来高,149,2026-06-18,2026-06-18,1,1,,
3321,ミタチ産業,卸売業,スタンダード,3321.T,ミタチ産業(株),103,1,値上がり率,148,2026-06-18,2026-06-18,1,1,,
4427,ＥｄｕＬａｂ,情報・通信業,グロース,4427.T,(株)ＥｄｕＬａｂ,103,1,出来高増加率,148,2026-06-18,2026-06-18,1,1,,
6506,安川電機,電気機器,プライム,6506.T,(株)安川電機,103,1,出来高,148,2026-06-18,2026-06-17,2,2,137.0,34.0
338A,ＺｅｎｍｕＴｅｃｈ,情報・通信業,グロース,338A.T,(株)ＺｅｎｍｕＴｅｃｈ,104,1,値上がり率,147,2026-06-18,2026-06-18,1,1,,
4175,ｃｏｌｙ,情報・通信業,グロース,4175.T,(株)ｃｏｌｙ,104,1,出来高増加率,147,2026-06-18,2026-06-18,1,1,,
8031,三井物産,卸売業,プライム,8031.T,三井物産(株),104,1,出来高,147,2026-06-18,2026-06-15,3,2,91.0,-13.0
6368,オルガノ,機械,プライム,6368.T,オルガノ(株),105,1,値上がり率,146,2026-06-18,2026-06-15,3,2,61.0,-44.0
9107,川崎汽船,海運業,プライム,9107.T,川崎汽船(株),105,1,出来高,146,2026-06-18,2026-06-15,3,2,118.0,13.0
3092,ＺＯＺＯ,小売業,プライム,3092.T,(株)ＺＯＺＯ,106,1,出来高,145,2026-06-18,2026-06-15,3,2,48.0,-58.0
6407,ＣＫＤ,機械,プライム,6407.T,ＣＫＤ(株),106,1,値上がり率,145,2026-06-18,2026-06-15,2,1,46.0,-60.0
6178,日本郵政,サービス業,プライム,6178.T,日本郵政(株),107,1,出来高,144,2026-06-18,2026-06-15,3,2,83.0,-24.0
7791,ドリームベッド,その他製品,スタンダード,7791.T,ドリームベッド(株),107,1,出来高増加率,144,2026-06-18,2026-06-18,1,1,,
1605,ＩＮＰＥＸ,鉱業,プライム,1605.T,(株)ＩＮＰＥＸ,108,1,出来高,143,2026-06-18,2026-06-15,3,2,63.0,-45.0
6237,イワキポンプ,機械,プライム,6237.T,(株)イワキ,108,1,値上がり率,143,2026-06-18,2026-06-18,1,1,,
2502,アサヒグループホールディングス,食料品,プライム,2502.T,アサヒグループホールディングス(株),109,1,出来高,142,2026-06-18,2026-06-15,3,2,95.0,-14.0
3970,イノベーション,情報・通信業,グロース,3970.T,(株)イノベーション,109,1,出来高増加率,142,2026-06-18,2026-06-18,1,1,,
4370,モビルス,情報・通信業,グロース,4370.T,モビルス(株),109,1,値上がり率,142,2026-06-18,2026-06-18,1,1,,
7733,オリンパス,精密機器,プライム,7733.T,オリンパス(株),110,1,出来高,141,2026-06-18,2026-06-15,3,2,66.0,-44.0
8938,グローム・ホールディングス,不動産業,グロース,8938.T,グローム・ホールディングス(株),110,1,値上がり率,141,2026-06-18,2026-06-18,1,1,,
8593,三菱ＨＣキャピタル,その他金融業,プライム,8593.T,三菱ＨＣキャピタル(株),111,1,出来高,140,2026-06-18,2026-06-15,2,1,137.0,26.0
3271,ＴＨＥグローバル社,不動産業,スタンダード,3271.T,(株)ＴＨＥグローバル社,112,1,出来高増加率,139,2026-06-18,2026-06-18,1,1,,
3382,セブン＆アイ・ホールディングス,小売業,プライム,3382.T,(株)セブン＆アイ・ホールディングス,112,1,出来高,139,2026-06-18,2026-06-15,3,2,97.0,-15.0
4064,日本カーバイド工業,化学,プライム,4064.T,日本カーバイド工業(株),112,1,値上がり率,139,2026-06-18,2026-06-18,1,1,,
421A,ムービン・ストラテジック・キャリア,サービス業,グロース,421A.T,(株)ムービン・ストラテジック・キャリア,113,1,値上がり率,138,2026-06-18,2026-06-18,1,1,,
6467,ニチダイ,機械,スタンダード,6467.T,(株)ニチダイ,113,1,出来高増加率,138,2026-06-18,2026-06-18,1,1,,
3825,リミックスポイント,小売業,スタンダード,3825.T,(株)リミックスポイント,115,1,出来高,136,2026-06-18,2026-06-15,3,2,111.0,-4.0
3845,アイフリークモバイル,情報・通信業,スタンダード,3845.T,(株)アイフリークモバイル,115,1,出来高増加率,136,2026-06-18,2026-06-18,1,1,,
7781,平山ホールディングス,精密機器,スタンダード,7781.T,(株)平山ホールディングス,115,1,値上がり率,136,2026-06-18,2026-06-18,1,1,,
3454,ファーストブラザーズ,不動産業,スタンダード,3454.T,ファーストブラザーズ(株),116,1,出来高増加率,135,2026-06-18,2026-06-18,1,1,,
7272,ヤマハ発動機,輸送用機器,プライム,7272.T,ヤマハ発動機(株),116,1,出来高,135,2026-06-18,2026-06-15,3,2,106.0,-10.0
9247,ＴＲＥホールディングス,サービス業,プライム,9247.T,ＴＲＥホールディングス(株),116,1,値上がり率,135,2026-06-18,2026-06-18,1,1,,
5802,住友電気工業,非鉄金属,プライム,5802.T,住友電気工業(株),117,1,出来高,134,2026-06-18,2026-06-15,3,2,103.0,-14.0
6778,アルチザネットワークス,電気機器,スタンダード,6778.T,(株)アルチザネットワークス,117,1,出来高増加率,134,2026-06-18,2026-06-18,1,1,,
4661,オリエンタルランド,サービス業,プライム,4661.T,(株)オリエンタルランド,118,1,出来高,133,2026-06-18,2026-06-15,3,2,121.0,3.0
7261,マツダ,輸送用機器,プライム,7261.T,マツダ(株),119,1,出来高,132,2026-06-18,2026-06-15,3,2,108.0,-11.0
4074,ラキール,情報・通信業,グロース,4074.T,(株)ラキール,120,1,出来高増加率,131,2026-06-18,2026-06-18,1,1,,
5204,石塚硝子,ガラス・土石製品,スタンダード,5204.T,石塚硝子(株),120,1,値上がり率,131,2026-06-18,2026-06-18,1,1,,
4769,ＩＣ,情報・通信業,スタンダード,4769.T,(株)ＩＣ,121,1,出来高増加率,130,2026-06-18,2026-06-18,1,1,,
6337,テセック,機械,スタンダード,6337.T,(株)テセック,121,1,値上がり率,130,2026-06-18,2026-06-18,1,1,,
6613,ＱＤレーザ,電気機器,グロース,6613.T,(株)ＱＤレーザ,121,1,出来高,130,2026-06-18,2026-06-15,3,2,110.0,-11.0
5951,ダイニチ工業,金属製品,スタンダード,5951.T,ダイニチ工業(株),122,1,値上がり率,129,2026-06-18,2026-06-18,1,1,,
3135,マーケットエンタープライズ,小売業,スタンダード,3135.T,(株)マーケットエンタープライズ,123,1,値上がり率,128,2026-06-18,2026-06-18,1,1,,
6366,千代田化工建設,建設業,スタンダード,6366.T,千代田化工建設(株),123,1,出来高,128,2026-06-18,2026-06-15,3,2,77.0,-46.0
7425,初穂商事,卸売業,スタンダード,7425.T,初穂商事(株),123,1,出来高増加率,128,2026-06-18,2026-06-18,1,1,,
9635,武蔵野興業,サービス業,スタンダード,9635.T,武蔵野興業(株),124,1,出来高増加率,127,2026-06-18,2026-06-18,1,1,,
4092,日本化学工業,化学,プライム,4092.T,日本化学工業(株),125,1,値上がり率,126,2026-06-18,2026-06-15,3,2,90.0,-35.0
8766,東京海上ホールディングス,保険業,プライム,8766.T,東京海上ホールディングス(株),125,1,出来高,126,2026-06-18,2026-06-15,3,2,116.0,-9.0
6232,ＡＣＳＬ,機械,グロース,6232.T,(株)ＡＣＳＬ,126,1,値上がり率,125,2026-06-18,2026-06-18,1,1,,
6993,大黒屋ホールディングス,小売業,スタンダード,6993.T,大黒屋ホールディングス(株),126,1,出来高,125,2026-06-18,2026-06-17,2,2,131.0,5.0
2806,ユタカフーズ,食料品,スタンダード,2806.T,ユタカフーズ(株),127,1,出来高増加率,124,2026-06-18,2026-06-18,1,1,,
3926,オープンドア,情報・通信業,スタンダード,3926.T,(株)オープンドア,127,1,値上がり率,124,2026-06-18,2026-06-15,2,1,41.0,-86.0
8725,ＭＳ＆ＡＤインシュアランスグループホールディングス,保険業,プライム,8725.T,ＭＳ＆ＡＤインシュアランスグループホールディングス(株),128,1,出来高,123,2026-06-18,2026-06-17,2,2,130.0,2.0
9610,ウィルソン・ラーニング　ワールドワイド,サービス業,スタンダード,9610.T,ウィルソン・ラーニング　ワールドワイド(株),128,1,値上がり率,123,2026-06-18,2026-06-15,3,2,127.0,-1.0
5597,ブルーイノベーション,情報・通信業,グロース,5597.T,ブルーイノベーション(株),129,1,値上がり率,122,2026-06-18,2026-06-18,1,1,,
6963,ローム,電気機器,プライム,6963.T,ローム(株),129,1,出来高,122,2026-06-18,2026-06-15,2,1,135.0,6.0
3664,ＷＩＺＥ,情報・通信業,グロース,3664.T,(株)ＷＩＺＥ,130,1,出来高増加率,121,2026-06-18,2026-06-15,2,1,59.0,-71.0
9831,ヤマダホールディングス,小売業,プライム,9831.T,(株)ヤマダホールディングス,130,1,出来高,121,2026-06-18,2026-06-15,2,1,134.0,4.0
9888,ＵＥＸ,卸売業,スタンダード,9888.T,(株)ＵＥＸ,130,1,値上がり率,121,2026-06-18,2026-06-18,1,1,,
278A,Ｔｅｒｒａ　Ｄｒｏｎｅ,精密機器,グロース,278A.T,Ｔｅｒｒａ　Ｄｒｏｎｅ(株),131,1,値上がり率,120,2026-06-18,2026-06-18,1,1,,
7412,アトム,小売業,スタンダード,7412.T,(株)アトム,131,1,出来高,120,2026-06-18,2026-06-17,2,2,39.0,-92.0
3976,シャノン,情報・通信業,グロース,3976.T,(株)シャノン,132,1,値上がり率,119,2026-06-18,2026-06-18,1,1,,
8601,大和証券グループ本社,証券、商品先物取引業,プライム,8601.T,(株)大和証券グループ本社,132,1,出来高,119,2026-06-18,2026-06-15,3,2,112.0,-20.0
8923,トーセイ,不動産業,プライム,8923.T,トーセイ(株),133,1,値上がり率,118,2026-06-18,2026-06-18,1,1,,
9853,銀座ルノアール,小売業,スタンダード,9853.T,(株)銀座ルノアール,133,1,出来高増加率,118,2026-06-18,2026-06-18,1,1,,
2872,セイヒョー,食料品,スタンダード,2872.T,(株)セイヒョー,134,1,出来高増加率,117,2026-06-18,2026-06-18,1,1,,
4901,富士フイルムホールディングス,化学,プライム,4901.T,富士フイルムホールディングス(株),134,1,出来高,117,2026-06-18,2026-06-15,3,2,142.0,8.0
5333,ＮＧＫ,ガラス・土石製品,プライム,5333.T,ＮＧＫ(株),134,1,値上がり率,117,2026-06-18,2026-06-15,2,1,87.0,-47.0
3994,マネーフォワード,情報・通信業,プライム,3994.T,(株)マネーフォワード,135,1,値上がり率,116,2026-06-18,2026-06-18,1,1,,
9344,アクシスコンサルティング,サービス業,グロース,9344.T,アクシスコンサルティング(株),135,1,出来高増加率,116,2026-06-18,2026-06-18,1,1,,
6360,東京自働機械製作所,機械,スタンダード,6360.T,(株)東京自働機械製作所,136,1,出来高増加率,115,2026-06-18,2026-06-17,2,2,146.0,10.0
7751,キヤノン,電気機器,プライム,7751.T,キヤノン(株),136,1,出来高,115,2026-06-18,2026-06-17,2,2,117.0,-19.0
4182,三菱瓦斯化学,化学,プライム,4182.T,三菱ガス化学(株),137,1,値上がり率,114,2026-06-18,2026-06-18,1,1,,
8591,オリックス,その他金融業,プライム,8591.T,オリックス(株),137,1,出来高,114,2026-06-18,2026-06-18,1,1,,
9478,ＳＥホールディングス・アンド・インキュベーションズ,情報・通信業,スタンダード,9478.T,ＳＥホールディングス・アンド・インキュベーションズ(株),137,2,値上がり率・出来高増加率,214,2026-06-18,2026-06-18,1,1,,
3851,日本一ソフトウェア,情報・通信業,スタンダード,3851.T,(株)日本一ソフトウェア,138,1,出来高増加率,113,2026-06-18,2026-06-18,1,1,,
8802,三菱地所,不動産業,プライム,8802.T,三菱地所(株),138,1,出来高,113,2026-06-18,2026-06-17,2,2,143.0,5.0
3099,三越伊勢丹ホールディングス,小売業,プライム,3099.T,(株)三越伊勢丹ホールディングス,139,1,値上がり率,112,2026-06-18,2026-06-18,1,1,,
7133,ＨＹＵＧＡ　ＰＲＩＭＡＲＹ　ＣＡＲＥ,小売業,グロース,7133.T,ＨＹＵＧＡ　ＰＲＩＭＡＲＹ　ＣＡＲＥ(株),139,1,出来高増加率,112,2026-06-18,2026-06-18,1,1,,
8303,ＳＢＩ新生銀行,銀行業,プライム,8303.T,(株)ＳＢＩ新生銀行,139,1,出来高,112,2026-06-18,2026-06-15,3,2,87.0,-52.0
3628,データホライゾン,情報・通信業,グロース,3628.T,(株)データホライゾン,140,1,値上がり率,111,2026-06-18,2026-06-18,1,1,,
6479,ミネベアミツミ,電気機器,プライム,6479.T,ミネベアミツミ(株),140,1,出来高,111,2026-06-18,2026-06-18,1,1,,
7986,日本アイ・エス・ケイ,その他製品,スタンダード,7986.T,日本アイ・エス・ケイ(株),140,1,出来高増加率,111,2026-06-18,2026-06-18,1,1,,
3656,ＫＬａｂ,情報・通信業,プライム,3656.T,ＫＬａｂ(株),141,1,出来高,110,2026-06-18,2026-06-17,2,2,70.0,-71.0
4889,レナサイエンス,医薬品,グロース,4889.T,(株)レナサイエンス,141,1,値上がり率,110,2026-06-18,2026-06-18,1,1,,
7463,アドヴァングループ,小売業,スタンダード,7463.T,(株)アドヴァングループ,141,1,出来高増加率,110,2026-06-18,2026-06-18,1,1,,
6104,芝浦機械,機械,プライム,6104.T,芝浦機械(株),142,1,出来高増加率,109,2026-06-18,2026-06-18,1,1,,
7186,横浜フィナンシャルグループ,銀行業,プライム,7186.T,(株)横浜フィナンシャルグループ,143,1,出来高,108,2026-06-18,2026-06-18,1,1,,
7806,ＭＴＧ,その他製品,グロース,7806.T,(株)ＭＴＧ,143,1,値上がり率,108,2026-06-18,2026-06-18,1,1,,
3697,ＳＨＩＦＴ,情報・通信業,プライム,3697.T,(株)ＳＨＩＦＴ,144,1,出来高,107,2026-06-18,2026-06-15,3,2,93.0,-51.0
6342,太平製作所,機械,スタンダード,6342.T,(株)太平製作所,144,1,出来高増加率,107,2026-06-18,2026-06-15,2,1,108.0,-36.0
7173,東京きらぼしフィナンシャルグループ,銀行業,プライム,7173.T,(株)東京きらぼしフィナンシャルグループ,144,1,値上がり率,107,2026-06-18,2026-06-18,1,1,,
5019,出光興産,石油・石炭製品,プライム,5019.T,出光興産(株),145,1,出来高,106,2026-06-18,2026-06-17,2,2,126.0,-19.0
7729,東京精密,精密機器,プライム,7729.T,(株)東京精密,145,1,値上がり率,106,2026-06-18,2026-06-18,1,1,,
130A,Ｖｅｒｉｔａｓ　Ｉｎ　Ｓｉｌｉｃｏ,医薬品,グロース,130A.T,(株)Ｖｅｒｉｔａｓ　Ｉｎ　Ｓｉｌｉｃｏ,146,1,値上がり率,105,2026-06-18,2026-06-18,1,1,,
5384,フジミインコーポレーテッド,ガラス・土石製品,プライム,5384.T,(株)フジミインコーポレーテッド,147,1,値上がり率,104,2026-06-18,2026-06-18,1,1,,
6301,小松製作所,機械,プライム,6301.T,コマツ,147,1,出来高,104,2026-06-18,2026-06-18,1,1,,
2413,エムスリー,サービス業,プライム,2413.T,エムスリー(株),148,1,出来高,103,2026-06-18,2026-06-18,1,1,,
3104,富士紡ホールディングス,繊維製品,プライム,3104.T,富士紡ホールディングス(株),148,1,値上がり率,103,2026-06-18,2026-06-18,1,1,,
5256,Ｆｕｓｉｃ,情報・通信業,グロース,5256.T,(株)Ｆｕｓｉｃ,149,1,値上がり率,102,2026-06-18,2026-06-17,2,2,128.0,-21.0
9101,日本郵船,海運業,プライム,9101.T,日本郵船(株),149,1,出来高,102,2026-06-18,2026-06-18,1,1,,
7270,ＳＵＢＡＲＵ,輸送用機器,プライム,7270.T,(株)ＳＵＢＡＲＵ,150,1,出来高,101,2026-06-18,2026-06-17,2,2,115.0,-35.0
