rank,code,name,industry,market,ticker,yahoo_name,best_yahoo_rank,ranking_hits,ranking_sources,candidate_score,snapshot_date,first_seen_date,appearance_count,consecutive_appearances,previous_yahoo_rank,yahoo_rank_change,trade_date,close,return_1d,return_5d,return_20d,return_60d,return_120d,ma20,ma60,distance_ma20,distance_ma60,distance_high_120d,volatility_20d,latest_volume,avg_volume_20d,volume_ratio_20d,avg_turnover_20d,history_days,score_return_20d,score_return_60d,score_return_120d,score_distance_ma20,score_distance_ma60,score_avg_turnover_20d,score_volume_ratio_20d,score_distance_high_120d,score_volatility_20d,score,momentum_score,trend_score,liquidity_score,evaluation_version,rule_price_floor,rule_liquidity_floor,rule_momentum_20_positive,rule_momentum_60_positive,rule_above_ma20,rule_above_ma60,rule_trend_alignment,rule_volume_expansion,rule_near_120d_high,rule_overheat_control,rule_volatility_control,rule_daily_base
1,6098,リクルートホールディングス,サービス業,プライム,6098.T,(株)リクルートホールディングス,98,1,出来高,153,2026-08-13,2026-06-17,29,5,61.0,-37.0,2026-08-13,16790.0,0.007803121248499467,0.31996855345911945,0.32622432859399675,0.7052610197034328,1.6429310116232818,13223.25,11771.833333333334,0.2697332350216475,0.4262859084537951,0.0,0.8470752834213601,4955300.0,4410620.0,1.1234928422761425,60333199850.0,284,18.901734104046245,17.843930635838152,9.91304347826087,9.653179190751445,9.76878612716763,9.450867052023122,3.121387283236994,6.322254335260116,1.153179190751445,86.13,46.66,19.42,12.57,v7,True,True,True,True,True,True,True,False,True,False,False,False
2,3131,シンデン・ハイテックス,卸売業,スタンダード,3131.T,シンデン・ハイテックス(株),14,2,値上がり率・出来高増加率,337,2026-08-13,2026-06-22,9,3,9.0,-5.0,2026-08-13,6480.0,0.051948051948051965,0.32379979570990813,0.8025034770514603,1.1073170731707318,1.3199216707581143,4145.5,3756.516666666667,0.5631407550355807,0.7250023292855525,0.0,1.139661856018051,360700.0,48720.0,7.403530377668309,323264825.0,279,19.826589595375722,17.843930635838152,9.71014492753623,9.913294797687861,9.913294797687861,4.2485549132947975,7.121387283236994,6.322254335260116,0.34393063583815026,85.24,47.38,19.83,11.37,v7,True,True,True,True,True,True,True,True,True,False,False,False
3,7957,フジコピアン,その他製品,スタンダード,7957.T,フジコピアン(株),11,2,値上がり率・出来高増加率,340,2026-08-13,2026-07-03,4,2,8.0,-3.0,2026-08-13,2550.0,0.06694560669456062,0.30368098159509205,0.40341221794166215,0.8345323741007193,0.7429938482570062,1989.1,1763.55,0.281986828213765,0.4459470953474527,0.0,0.7544834010967808,190300.0,3290.0,57.8419452887538,29951720.0,267,19.479768786127167,17.843930635838152,9.304347826086957,9.739884393063583,9.913294797687861,2.6300578034682083,7.930635838150289,6.322254335260116,1.6184971098265897,84.78,46.63,19.65,10.56,v7,True,False,True,True,True,True,True,True,True,False,True,False
4,6570,共和コーポレーション,サービス業,スタンダード,6570.T,(株)共和コーポレーション,67,1,値上がり率,184,2026-08-13,2026-06-17,8,3,13.0,-54.0,2026-08-13,3160.0,0.06397306397306401,0.483568075117371,0.6263510036026763,0.8843172331544424,1.416687018328445,2190.8,1903.8166666666666,0.4423954719737082,0.6598236875049244,0.0,0.9646330802759182,114900.0,18180.0,6.32013201320132,64705065.0,283,19.826589595375722,17.843930635838152,9.768115942028986,9.913294797687861,9.913294797687861,3.0924855491329475,6.867052023121388,6.322254335260116,0.8092485549132948,84.36,47.44,19.83,9.96,v7,True,True,True,True,True,True,True,True,True,False,False,False
5,3173,Ｃｏｍｉｎｉｘ,卸売業,スタンダード,3173.T,(株)Ｃｏｍｉｎｉｘ,77,1,出来高増加率,174,2026-08-13,2026-08-06,4,2,4.0,-73.0,2026-08-13,1498.0,-0.03912764592687623,0.34349775784753356,0.5555555555555556,0.630032644178455,0.6932608606413881,1118.15,998.85,0.33971291866028697,0.4997246833858937,-0.03912764592687623,0.876196709848244,166200.0,8420.0,19.73871733966746,22255205.0,256,19.826589595375722,17.63583815028902,9.217391304347826,9.913294797687861,9.913294797687861,2.4566473988439306,7.745664739884393,4.77456647398844,1.0317919075144508,82.52,46.68,19.83,10.2,v7,True,False,True,True,True,True,True,True,True,False,False,False
6,6952,カシオ計算機,電気機器,プライム,6952.T,カシオ計算機(株),114,1,値上がり率,137,2026-08-13,2026-06-26,5,1,79.0,-35.0,2026-08-13,2488.5,0.05221987315010579,0.06756756756756754,0.3661817183639857,0.5611668757841908,0.6097979306312626,1987.8,1875.45,0.2518865076969514,0.32688154842837713,0.0,0.8788897843386511,2316700.0,1889605.0,1.2260234281767883,4163230475.0,284,19.248554913294797,17.53179190751445,9.043478260869565,9.508670520231213,9.566473988439306,6.387283236994221,3.76878612716763,6.322254335260116,1.0115606936416186,82.39,45.82,19.08,10.16,v7,True,True,True,True,True,True,True,True,True,False,False,False
7,2489,アドウェイズ,サービス業,スタンダード,2489.T,(株)アドウェイズ,27,1,値上がり率,224,2026-08-13,2026-07-13,4,2,29.0,2.0,2026-08-13,386.0,0.10285714285714276,0.22539682539682548,0.2411575562700965,0.3402777777777777,0.47892720306513414,318.55,293.1666666666667,0.21174070004708834,0.3166571915861285,0.0,0.5038102634434242,2511400.0,320550.0,7.834659179535174,155911665.0,273,18.265895953757227,15.91907514450867,8.405797101449275,9.21965317919075,9.537572254335261,3.757225433526011,7.213872832369942,6.322254335260116,3.2369942196531793,81.88,42.59,18.76,10.97,v7,True,True,True,True,True,True,True,True,True,False,True,False
8,8388,阿波銀行,銀行業,プライム,8388.T,(株)阿波銀行,140,1,値上がり率,111,2026-08-13,2026-07-24,2,1,65.0,-75.0,2026-08-13,9390.0,0.0479910714285714,0.08179723502304137,0.2194805194805194,0.3829160530191458,0.6360486896404223,8492.5,7519.5,0.10568148366205476,0.24875324157191292,0.0,0.43616808947378577,274000.0,141920.0,1.9306651634723788,1305708200.0,284,17.976878612716764,16.595375722543352,9.130434782608695,7.601156069364163,9.277456647398845,5.606936416184972,5.109826589595376,6.322254335260116,4.086705202312139,81.71,43.7,16.88,10.72,v7,True,True,True,True,True,True,True,True,True,True,True,True
9,7272,ヤマハ発動機,輸送用機器,プライム,7272.T,ヤマハ発動機(株),72,1,出来高,179,2026-08-13,2026-06-15,41,40,68.0,-4.0,2026-08-13,1900.0,0.0,0.05263157894736836,0.5267175572519085,0.5193922431027589,0.5447154471544715,1494.275,1321.0800313313803,0.27151963326696893,0.43821718210757155,-0.01144640998959412,0.839556506878008,7179200.0,9917820.0,0.7238687534155691,16005757185.0,284,19.826589595375722,17.375722543352598,8.72463768115942,9.710982658959537,9.797687861271676,8.092485549132949,1.1329479768786128,5.482658959537572,1.2341040462427746,81.38,45.93,19.51,9.23,v7,True,True,True,True,True,True,True,False,True,False,False,False
10,6523,ＰＨＣホールディングス,電気機器,プライム,6523.T,ＰＨＣホールディングス(株),147,1,値上がり率,104,2026-08-13,2026-07-16,3,1,3.0,-144.0,2026-08-13,1410.0,0.04599406528189909,0.31040892193308545,0.3128491620111731,0.4185110663983904,0.3920578828589423,1144.2,1086.0,0.23230204509701102,0.298342541436464,0.0,0.7457041284865354,1073400.0,528970.0,2.0292266102047374,713811680.0,284,18.78612716763006,16.90751445086705,8.028985507246377,9.364161849710982,9.479768786127167,5.0578034682080935,5.202312138728324,6.322254335260116,1.6589595375722541,80.81,43.72,18.84,10.26,v7,True,True,True,True,True,True,True,True,True,False,True,False
11,6340,澁谷工業,機械,プライム,6340.T,澁谷工業(株),14,2,値上がり率・出来高増加率,337,2026-08-13,2026-08-13,1,1,,,2026-08-13,5110.0,0.15873015873015883,0.13429522752497225,0.19532163742690067,0.3980848153214773,0.4214186369958275,4393.5,4228.507759602865,0.1630818254239217,0.20846414161007076,0.0,0.6047258763299176,753700.0,46940.0,16.056668086919473,386862150.0,284,16.99421965317919,16.751445086705203,8.173913043478262,8.786127167630058,8.84393063583815,4.4508670520231215,7.699421965317919,6.322254335260116,2.4479768786127165,80.47,41.92,17.63,12.15,v7,True,True,True,True,True,True,True,True,True,False,True,False
12,8344,山形銀行,銀行業,プライム,8344.T,(株)山形銀行,41,1,値上がり率,210,2026-08-13,2026-07-02,3,1,73.0,32.0,2026-08-13,4585.0,0.07882352941176474,0.13913043478260878,0.21779548472775567,0.5595238095238095,0.7579247753142286,3982.5,3579.6666666666665,0.15128688010043945,0.2808455163423038,0.0,0.6080656022940313,160500.0,145480.0,1.1032444322243606,592799650.0,284,17.91907514450867,17.479768786127167,9.391304347826088,8.526011560693641,9.39306358381503,4.884393063583815,3.028901734104046,6.322254335260116,2.38728323699422,79.33,44.79,17.92,7.91,v7,True,True,True,True,True,True,True,False,True,True,True,True
13,7832,バンダイナムコホールディングス,その他製品,プライム,7832.T,(株)バンダイナムコホールディングス,125,1,出来高,126,2026-08-13,2026-07-09,9,5,137.0,12.0,2026-08-13,5252.0,-0.02051473330846698,0.19174041297935096,0.2676804248129374,0.34632145603691367,0.3102027044310913,4581.75,4040.65,0.1462868991106019,0.2997908752304703,-0.03260268926137411,0.6283240521349254,4134400.0,3230150.0,1.2799405600359117,15757013530.0,284,18.497109826589597,16.283236994219653,7.44927536231884,8.38150289017341,9.508670520231213,8.063583815028903,3.907514450867052,4.936416184971098,2.2254335260115607,79.25,42.23,17.89,11.97,v7,True,True,True,True,True,True,True,True,True,True,True,True
14,4588,オンコリスバイオファーマ,医薬品,グロース,4588.T,オンコリスバイオファーマ(株),10,1,値上がり率,241,2026-08-13,2026-06-17,7,1,55.0,45.0,2026-08-13,3370.0,0.17421602787456436,0.24216734242535942,0.356682769726248,0.2272396212672978,0.5601851851851851,2650.95,2677.3166666666666,0.27124238480544727,0.2587229751181219,-0.03851640513552068,0.7952413625677296,2722800.0,654530.0,4.159931553939468,2066981585.0,279,19.13294797687861,13.942196531791906,8.782608695652176,9.682080924855493,9.306358381502891,5.953757225433526,6.1502890173410405,4.835260115606936,1.4364161849710984,79.22,41.86,18.99,12.1,v7,True,True,True,True,True,True,True,True,True,False,True,False
15,6287,サトー,機械,プライム,6287.T,(株)サトー,21,1,値上がり率,230,2026-08-13,2026-08-13,1,1,,,2026-08-13,2920.0,0.12092130518234168,0.14870180959874113,0.20561519405450035,0.32546527462551067,0.24744715622512148,2518.35,2373.2166666666667,0.15948934818432714,0.2303975616778915,0.0,0.44309738320194575,585100.0,131920.0,4.435263796240146,402366845.0,284,17.45664739884393,15.710982658959537,6.869565217391305,8.699421965317919,9.046242774566474,4.566473988439307,6.219653179190751,6.322254335260116,3.9855491329479764,78.88,40.04,17.75,10.79,v7,True,True,True,True,True,True,True,True,True,True,True,True
16,4396,システムサポートホールディングス,情報・通信業,プライム,4396.T,(株)システムサポートホールディングス,26,1,値上がり率,225,2026-08-13,2026-07-02,3,2,36.0,10.0,2026-08-13,1401.0,0.10488958990536279,0.2565022421524663,0.28886844526218947,0.33938814531548767,0.146481178396072,1134.55,1045.043793741862,0.2348508219117713,0.34061367417303035,0.0,0.4994505155718994,350400.0,103505.0,3.385343703202744,143545615.0,284,18.612716763005782,15.867052023121387,5.971014492753624,9.39306358381503,9.595375722543352,3.670520231213873,5.895953757225434,6.322254335260116,3.2976878612716765,78.63,40.45,18.99,9.57,v7,True,True,True,True,True,True,True,True,True,False,True,False
17,6857,アドバンテスト,電気機器,プライム,6857.T,(株)アドバンテスト,64,1,出来高,187,2026-08-13,2026-06-15,41,40,72.0,8.0,2026-08-13,35940.0,0.040231548480463175,0.06583629893238441,0.2070528967254408,0.4211150652431792,0.3280043647889703,30658.0,29379.666666666668,0.17228782047100277,0.2232950226347019,0.0,1.039836887107855,8063200.0,10057670.0,0.8016966156177325,303136609300.0,284,17.572254335260116,17.01156069364162,7.652173913043478,8.901734104046243,8.988439306358382,9.913294797687861,1.5028901734104045,6.322254335260116,0.5664739884393064,78.43,42.24,17.89,11.42,v7,True,True,True,True,True,True,True,False,True,True,False,False
18,8343,秋田銀行,銀行業,プライム,8343.T,(株)秋田銀行,112,1,値上がり率,139,2026-08-13,2026-06-23,5,1,47.0,-65.0,2026-08-13,8450.0,0.05230386052303859,0.12516644474034622,0.19181946403385042,0.4201680672268908,0.5725048629651097,7528.0,6795.833333333333,0.12247608926673759,0.2434089515634581,0.0,0.4824656310024563,128500.0,114220.0,1.1250218875853615,889467750.0,284,16.76300578034682,16.959537572254337,8.898550724637682,7.861271676300578,9.21965317919075,5.317919075144508,3.144508670520231,6.322254335260116,3.601156069364162,78.09,42.62,17.08,8.46,v7,True,True,True,True,True,True,True,False,True,True,True,True
19,8713,フィデアホールディングス,銀行業,プライム,8713.T,フィデアホールディングス(株),76,1,値上がり率,175,2026-08-13,2026-08-07,2,1,30.0,-46.0,2026-08-13,2628.0,0.06096083972547439,0.21105990783410133,0.2460881934566146,0.34081632653061233,0.2381430329804919,2209.9,2059.366666666667,0.1891940811801438,0.2761204901183212,0.0,0.46738870068016036,125600.0,85895.0,1.4622504220268933,203102370.0,284,18.38150289017341,15.971098265895954,6.811594202898551,9.046242774566474,9.335260115606935,3.901734104046243,4.485549132947977,6.322254335260116,3.7630057803468207,78.02,41.16,18.38,8.39,v7,True,True,True,True,True,True,True,True,True,False,True,False
20,4255,ＴＨＥＣＯＯ,情報・通信業,グロース,4255.T,ＴＨＥＣＯＯ(株),8,1,値上がり率,243,2026-08-13,2026-06-19,7,2,30.0,22.0,2026-08-13,3200.0,0.18562430529825868,0.23695400077309614,0.3300083125519535,0.26182965299684535,0.5670910871694417,2525.95,2488.5,0.26685009600348386,0.28591520996584285,0.0,0.6781256216951344,10900.0,1725.0,6.318840579710145,6029080.0,281,18.959537572254334,14.722543352601155,8.840579710144928,9.624277456647398,9.421965317919076,1.3005780346820808,6.843930635838151,6.322254335260116,1.9017341040462423,77.94,42.52,19.05,8.14,v7,True,False,True,True,True,True,True,True,True,False,True,False
21,6742,京三製作所,電気機器,プライム,6742.T,(株)京三製作所,56,1,値上がり率,195,2026-08-13,2026-06-25,5,1,83.0,27.0,2026-08-13,1069.0,0.06899999999999995,0.07979797979797976,0.24302325581395356,0.429144385026738,0.5200618352738438,922.7,898.2,0.15855641053430136,0.19015809396570904,0.0,0.7324093274183283,449000.0,313140.0,1.433863447659194,301744995.0,284,18.32369942196532,17.063583815028903,8.695652173913043,8.61271676300578,8.583815028901734,4.190751445086705,4.393063583815029,6.322254335260116,1.7398843930635837,77.93,44.08,17.2,8.58,v7,True,True,True,True,True,True,True,True,True,True,True,True
22,8541,愛媛銀行,銀行業,プライム,8541.T,(株)愛媛銀行,50,1,値上がり率,201,2026-08-13,2026-06-22,4,1,7.0,-43.0,2026-08-13,3040.0,0.07231040564373892,0.11559633027522942,0.3251961639058414,0.5637860082304527,0.6051471589645276,2689.65,2267.1833333333334,0.13025858383060984,0.34087083091354176,0.0,0.6337775486121361,220400.0,388755.0,0.5669380458129156,1085573910.0,284,18.843930635838152,17.583815028901732,8.98550724637681,8.063583815028903,9.624277456647398,5.491329479768787,0.4161849710982659,6.322254335260116,2.164739884393063,77.5,45.41,17.69,5.91,v7,True,True,True,True,True,True,True,False,True,True,True,True
23,3551,ダイニック,繊維製品,スタンダード,3551.T,ダイニック(株),15,1,値上がり率,236,2026-08-13,2026-06-18,2,1,93.0,78.0,2026-08-13,1585.0,0.14771904417089066,0.15862573099415211,0.12093352192362095,0.4422202001819837,0.47288039596183906,1355.45,1270.2666666666667,0.16935335128555096,0.2477694972184319,0.0,0.5923671621837294,219900.0,21925.0,10.029646522234891,43679895.0,264,14.219653179190752,17.115606936416185,8.376811594202898,8.84393063583815,9.248554913294798,2.8612716763005777,7.421965317919075,6.322254335260116,2.5289017341040463,76.94,39.71,18.09,10.28,v7,True,False,True,True,True,True,True,True,True,True,True,False
24,8362,福井銀行,銀行業,プライム,8362.T,(株)福井銀行,55,1,値上がり率,196,2026-08-13,2026-06-22,8,2,130.0,75.0,2026-08-13,6770.0,0.07120253164556956,0.15726495726495737,0.15136054421768708,0.49118942731277526,1.0501080986009468,5981.0,5547.666666666667,0.13191773950844343,0.22033287267920443,0.0,0.6717759875606258,105900.0,78260.0,1.3531817020189114,486222100.0,284,15.606936416184972,17.323699421965316,9.594202898550725,8.121387283236993,8.93063583815029,4.768786127167631,4.161849710982659,6.322254335260116,1.9421965317919074,76.77,42.52,17.05,8.93,v7,True,True,True,True,True,True,True,True,True,True,True,True
25,6027,弁護士ドットコム,サービス業,プライム,6027.T,弁護士ドットコム(株),7,1,値上がり率,244,2026-08-13,2026-06-19,6,2,33.0,26.0,2026-08-13,3150.0,0.18867924528301883,0.3179916317991631,0.3070539419087137,0.1388286334056399,0.30004127115146506,2381.65,2325.983333333333,0.32261247454495834,0.3542659377037669,0.0,0.781613916462454,948000.0,86430.0,10.968413745227352,346200380.0,284,18.67052023121387,11.184971098265896,7.362318840579711,9.913294797687861,9.710982658959537,4.335260115606936,7.5606936416184976,6.322254335260116,1.4971098265895955,76.56,37.22,19.62,11.9,v7,True,True,True,True,True,True,True,True,True,False,True,False
26,6869,シスメックス,電気機器,プライム,6869.T,シスメックス(株),141,1,出来高,110,2026-08-13,2026-06-19,8,3,131.0,-10.0,2026-08-13,1888.5,-0.02453512396694213,0.16108207808177077,0.20980140935297875,0.34556465977912354,0.44486397130929367,1651.25,1519.625,0.143679031037093,0.24274080776507367,-0.04621212121212126,0.7824724145804817,3632800.0,3123775.0,1.1629518771358371,5495491582.5,284,17.6878612716763,16.23121387283237,8.289855072463768,8.352601156069364,9.190751445086706,6.7630057803468215,3.445086705202312,4.61271676300578,1.476878612716763,76.05,42.21,17.54,10.21,v7,True,True,True,True,True,True,True,False,True,True,True,True
27,8065,佐藤商事,卸売業,プライム,8065.T,佐藤商事(株),145,1,値上がり率,106,2026-08-13,2026-08-03,2,1,46.0,-99.0,2026-08-13,3725.0,0.0463483146067416,0.05673758865248235,0.2487428762990278,0.18819776714513559,0.5644091985735182,3238.45,3134.45,0.15024162793929197,0.1884062594713587,0.0,0.48409150437177556,98900.0,49950.0,1.97997997997998,174442415.0,284,18.4393063583815,12.953757225433526,8.81159420289855,8.497109826589595,8.410404624277458,3.84393063583815,5.179190751445088,6.322254335260116,3.540462427745665,76.0,40.2,16.91,9.02,v7,True,True,True,True,True,True,True,True,True,True,True,True
28,8346,東邦銀行,銀行業,プライム,8346.T,(株)東邦銀行,87,1,値上がり率,164,2026-08-13,2026-07-21,2,1,83.0,-4.0,2026-08-13,989.0,0.05775401069518726,0.06803455723542107,0.19013237063778576,0.31515957446808507,0.37696221314979694,895.9,816.1333333333333,0.1039178479741043,0.21181179545825857,0.0,0.4996551538084742,1367800.0,1056810.0,1.294272385764707,979049245.0,284,16.647398843930638,15.554913294797686,7.971014492753624,7.514450867052022,8.901734104046243,5.404624277456649,3.953757225433526,6.322254335260116,3.277456647398844,75.55,40.17,16.42,9.36,v7,True,True,True,True,True,True,True,True,True,True,True,True
29,3040,ソリトンシステムズ,情報・通信業,プライム,3040.T,(株)ソリトンシステムズ,71,1,値上がり率,180,2026-08-13,2026-08-12,2,2,23.0,-48.0,2026-08-13,2444.0,0.06307090039147445,0.2343434343434343,0.2299949672873678,0.16104513064133008,0.20572274296990622,2023.6,2042.1683939615884,0.20774856691045662,0.1967671261716577,0.0,0.48843522664789013,510100.0,93950.0,5.429483767961682,257740510.0,284,18.15028901734104,12.06936416184971,6.521739130434782,9.190751445086706,8.670520231213873,4.104046242774567,6.658959537572255,6.322254335260116,3.4797687861271673,75.17,36.74,17.86,10.76,v7,True,True,True,True,True,True,True,True,True,False,True,False
30,8551,北日本銀行,銀行業,プライム,8551.T,(株)北日本銀行,102,1,値上がり率,149,2026-08-13,2026-07-13,2,1,32.0,-70.0,2026-08-13,7240.0,0.05385735080058218,0.09863429438543236,0.18300653594771243,0.3660377358490565,0.43340530237923214,6647.0,5846.166666666667,0.08921317887768909,0.23841833680189284,0.0,0.4278021055173184,49200.0,42885.0,1.1472542847149354,290238200.0,284,16.358381502890175,16.4393063583815,8.231884057971014,7.023121387283237,9.132947976878613,4.1618497109826595,3.3063583815028905,6.322254335260116,4.1473988439306355,75.12,41.03,16.16,7.47,v7,True,True,True,True,True,True,True,False,True,True,True,True
31,6951,日本電子,電気機器,プライム,6951.T,日本電子(株),81,1,値上がり率,170,2026-08-13,2026-07-01,6,1,120.0,39.0,2026-08-13,9002.0,0.05968216597998821,0.03186611646033932,0.1402153261557948,0.36829305365557086,0.44695451252657703,8301.05,7482.45,0.08444112491793221,0.20308187826179935,0.0,0.5862290649050292,499100.0,337510.0,1.4787709993777962,2897085105.0,284,15.144508670520231,16.491329479768787,8.318840579710145,6.7630057803468215,8.786127167630058,6.213872832369942,4.508670520231214,6.322254335260116,2.569364161849711,75.12,39.95,15.55,10.72,v7,True,True,True,True,True,True,True,True,True,True,True,True
32,7979,松風,精密機器,プライム,7979.T,(株)松風,111,1,値上がり率,140,2026-08-13,2026-08-13,1,1,,,2026-08-13,2410.0,0.05240174672489073,0.09445958219800188,0.1351860574658501,0.3724373576309794,0.36559596973664155,2187.25,2037.05,0.10184021030974977,0.1830833803784886,0.0,0.36412003392110487,181200.0,101265.0,1.789364538586876,237874740.0,284,14.797687861271674,16.54335260115607,7.855072463768115,7.4566473988439315,8.236994219653178,4.017341040462428,4.971098265895954,6.322254335260116,4.895953757225433,75.1,39.2,15.69,8.99,v7,True,True,True,True,True,True,True,True,True,True,True,True
33,4062,イビデン,電気機器,プライム,4062.T,イビデン(株),43,2,値上がり率・出来高,308,2026-08-13,2026-06-15,41,40,63.0,20.0,2026-08-13,21560.0,0.052734375,0.06050172159370382,0.1991101223581757,0.40731070496083555,1.4600433387773304,17555.0,20090.916666666668,0.2281401310168043,0.07312176729948439,-0.18410596026490067,1.5286605952926877,10795100.0,8881690.0,1.2154330988809563,156928254600.0,284,17.28323699421965,16.803468208092482,9.91304347826087,9.335260115606935,5.520231213872832,9.797687861271676,3.722543352601156,2.4884393063583814,0.08092485549132947,74.94,44.0,14.86,13.52,v7,True,True,True,True,True,True,True,True,False,False,False,False
34,8043,スターゼン,卸売業,プライム,8043.T,スターゼン(株),54,1,値上がり率,197,2026-08-13,2026-08-13,1,1,,,2026-08-13,1489.0,0.07122302158273386,0.1445042275172943,0.15426356589147283,0.3004366812227075,0.1505343412375837,1338.35,1240.2,0.11256397803265217,0.2006128043863893,0.0,0.3374646127755741,391100.0,143705.0,2.7215476149055355,212374310.0,284,15.780346820809248,15.294797687861271,6.028985507246378,7.7456647398843925,8.757225433526012,3.930635838150289,5.595375722543353,6.322254335260116,5.30057803468208,74.76,37.1,16.5,9.53,v7,True,True,True,True,True,True,True,True,True,True,True,True
35,8345,岩手銀行,銀行業,プライム,8345.T,(株)岩手銀行,142,1,値上がり率,109,2026-08-13,2026-06-26,5,1,62.0,-80.0,2026-08-13,2474.0,0.04697418535759623,0.08795074758135435,0.18999518999518994,0.31455897980871406,0.4839569142319078,2252.2,2086.15,0.09848148477044671,0.18591664070177116,0.0,0.5436156560853067,348400.0,293920.0,1.1853565596080566,682070985.0,284,16.589595375722546,15.450867052023122,8.434782608695652,7.369942196531793,8.38150289017341,4.971098265895954,3.560693641618497,6.322254335260116,2.832369942196532,73.91,40.48,15.75,8.53,v7,True,True,True,True,True,True,True,False,True,True,True,True
36,7363,ベビーカレンダー,サービス業,グロース,7363.T,(株)ベビーカレンダー,2,1,値上がり率,249,2026-08-13,2026-06-30,8,2,15.0,13.0,2026-08-13,1570.0,0.2362204724409449,0.2764227642276422,0.46591970121381876,0.26205787781350476,0.021470396877033116,1179.0,1121.2333333333333,0.33163698049194235,0.4002437791717455,0.0,0.9124742183181992,23700.0,4630.0,5.118790496760259,7407615.0,270,19.826589595375722,14.774566473988438,4.318840579710145,9.913294797687861,9.739884393063583,1.4450867052023122,6.543352601156069,6.322254335260116,0.9104046242774565,73.79,38.92,19.65,7.99,v7,True,False,True,True,True,True,True,True,True,False,False,False
37,3778,さくらインターネット,情報・通信業,プライム,3778.T,さくらインターネット(株),53,1,値上がり率,198,2026-08-13,2026-06-19,6,1,40.0,-13.0,2026-08-13,3685.0,0.07122093023255816,0.03656821378340358,0.23948873192061892,0.2581085694776375,0.2779648150219389,3135.45,2980.4666666666667,0.17526989746288413,0.2363835640951082,-0.06944444444444442,0.6689342682039373,1455100.0,1338960.0,1.0867389615821235,4267049065.0,284,18.20809248554913,14.670520231213873,7.101449275362318,8.959537572254336,9.07514450867052,6.473988439306359,2.8901734104046244,4.228323699421964,1.9624277456647399,73.57,39.98,18.03,9.36,v7,True,True,True,True,True,True,True,False,False,True,True,True
38,6862,ミナトホールディングス,電気機器,スタンダード,6862.T,ミナトホールディングス(株),11,1,値上がり率,240,2026-08-13,2026-06-19,9,3,6.0,-5.0,2026-08-13,3450.0,0.17028493894165542,0.48005148005148013,0.717272274763564,0.3157894736842106,1.0956312690275838,2117.8,2331.883333333333,0.6290490131268296,0.47949082644214625,-0.11196911196911197,1.3236751254235142,22000.0,289865.0,0.07589740051403239,575074180.0,270,19.826589595375722,15.60693641618497,9.623188405797102,9.913294797687861,9.913294797687861,4.826589595375722,0.09248554913294797,3.540462427745665,0.22254335260115604,73.57,45.06,19.83,4.92,v7,True,True,True,True,True,True,True,False,False,False,False,False
39,4968,荒川化学工業,化学,プライム,4968.T,荒川化学工業(株),44,1,値上がり率,207,2026-08-13,2026-06-18,9,1,104.0,60.0,2026-08-13,2465.0,0.07547993019197197,0.0547710740265297,0.12403100775193798,0.8218773096821876,0.7116970189946317,2109.15,1928.9666666666667,0.16871725576654106,0.277886260346645,0.0,1.0921994843025484,305900.0,350605.0,0.8724918355414213,784907360.0,284,14.450867052023122,17.843930635838152,9.27536231884058,8.815028901734104,9.364161849710982,5.231213872832369,1.8034682080924855,6.322254335260116,0.46531791907514447,73.57,41.57,18.18,7.03,v7,True,True,True,True,True,True,True,False,True,True,False,False
40,5803,フジクラ,非鉄金属,プライム,5803.T,(株)フジクラ,7,1,出来高,244,2026-08-13,2026-06-15,41,40,7.0,0.0,2026-08-13,5760.0,-0.006896551724137945,0.1354228267297457,0.19999999999999996,0.22683706070287535,0.619182663097088,4704.15,4960.25,0.22445075093268718,0.16123179275238142,-0.26670910248249524,1.0733621234549207,69216100.0,53172015.0,1.301739270178119,262682723285.0,284,17.341040462427745,13.83815028901734,9.072463768115943,9.306358381502891,7.832369942196532,9.913294797687861,4.0,1.6184971098265897,0.48554913294797686,73.41,40.25,17.14,13.91,v7,True,True,True,True,True,True,True,True,False,False,False,False
41,3895,ハビックス,パルプ・紙,スタンダード,3895.T,ハビックス(株),2,2,値上がり率・出来高増加率,349,2026-08-13,2026-06-17,4,1,27.0,25.0,2026-08-13,489.0,0.19559902200489,0.20443349753694573,0.21641791044776126,0.1897810218978102,0.17748599124326847,410.1,411.4,0.1923920994879298,0.18862421001458451,0.0,0.676870079863809,943200.0,4600.0,205.04347826086956,24840030.0,269,17.803468208092486,13.005780346820808,6.289855072463768,9.104046242774565,8.439306358381504,2.514450867052023,7.930635838150289,6.322254335260116,1.9219653179190752,73.33,37.1,17.54,10.45,v7,True,False,True,True,True,True,True,True,True,False,True,False
42,4543,テルモ,精密機器,プライム,4543.T,テルモ(株),86,1,出来高,165,2026-08-13,2026-06-15,33,6,84.0,-2.0,2026-08-13,2620.5,0.008466422936309392,0.14532342657342667,0.17353336318853563,0.1423278116826503,0.38243684585897864,2323.9,2287.7083333333335,0.12763027669004678,0.14546944722702837,0.0,0.42853305115356993,5893400.0,4623895.0,1.2745531635125797,11192076657.5,284,16.184971098265898,11.341040462427745,8.0,7.976878612716763,7.514450867052022,7.630057803468207,3.884393063583815,6.322254335260116,4.127167630057803,72.98,35.53,15.49,11.51,v7,True,True,True,True,True,True,True,True,True,True,True,True
43,6752,パナソニック　ホールディングス,電気機器,プライム,6752.T,パナソニック　ホールディングス(株),74,1,出来高,177,2026-08-13,2026-06-15,41,40,44.0,-30.0,2026-08-13,4679.0,0.02295583734149531,0.03609388839681138,0.12125569134914937,0.39546674619743505,0.9774944410910422,4145.35,4088.3333333333335,0.1287346062455521,0.14447615165103955,-0.01907756813417194,0.8547711721411319,7086800.0,10205830.0,0.6943874236588303,40703174035.0,284,14.277456647398845,16.69942196531792,9.56521739130435,8.005780346820808,7.4566473988439315,9.21965317919075,0.8786127167630058,5.260115606936415,1.0722543352601155,72.44,40.54,15.46,10.1,v7,True,True,True,True,True,True,True,False,True,True,False,False
44,8600,トモニホールディングス,銀行業,プライム,8600.T,トモニホールディングス(株),95,1,値上がり率,156,2026-08-13,2026-07-13,4,1,112.0,17.0,2026-08-13,1105.0,0.05640535372848943,0.08546168958742628,0.18435155412647375,0.2789351851851851,0.1713381771598268,1009.35,923.3833333333333,0.09476395700203089,0.19668610003068432,0.0,0.4488926235410965,799100.0,693815.0,1.1517479443367469,722070190.0,284,16.473988439306357,15.034682080924856,6.231884057971014,7.2543352601156075,8.641618497109825,5.086705202312138,3.3757225433526012,6.322254335260116,3.9248554913294798,72.35,37.74,15.9,8.46,v7,True,True,True,True,True,True,True,False,True,True,True,True
45,6501,日立製作所,電気機器,プライム,6501.T,(株)日立製作所,56,1,出来高,195,2026-08-13,2026-06-15,41,40,43.0,-13.0,2026-08-13,5702.0,0.0058211324748633775,0.041271000730460194,0.18742190753852572,0.1533171521035599,0.12757232322058032,5166.8,4951.233333333334,0.1035844236277772,0.15163225324329965,0.0,0.28388548016723497,9441100.0,12867415.0,0.7337215750016611,66856937820.0,284,16.531791907514453,11.913294797687863,5.739130434782608,7.485549132947978,7.601156069364163,9.479768786127167,1.2023121387283238,6.322254335260116,5.947976878612716,72.22,34.18,15.09,10.68,v7,True,True,True,True,True,True,True,False,True,True,True,True
46,5208,有沢製作所,化学,プライム,5208.T,(株)有沢製作所,34,1,値上がり率,217,2026-08-13,2026-06-19,5,1,111.0,77.0,2026-08-13,2900.0,0.0906355772846934,0.050724637681159424,0.1558389796731765,0.2831858407079646,0.26372679397840315,2559.75,2472.3333333333335,0.13292313702510006,0.172980989618444,0.0,0.6380728865204136,370500.0,243060.0,1.524314983954579,652481730.0,284,15.895953757225435,15.086705202312137,7.043478260869565,8.15028901734104,8.063583815028903,4.913294797687861,4.601156069364162,6.322254335260116,2.1040462427745665,72.18,38.03,16.21,9.51,v7,True,True,True,True,True,True,True,True,True,True,True,True
47,3402,東レ,繊維製品,プライム,3402.T,東レ(株),81,1,出来高,170,2026-08-13,2026-06-15,29,9,80.0,-1.0,2026-08-13,1355.0,-0.0033100404560499896,0.14009255363904072,0.17366825465569513,0.25231053604436227,0.11750090934067292,1208.35,1163.85,0.12136384325733451,0.16423937792670884,-0.013469239170003644,0.42118685732894623,6111900.0,5217720.0,1.1713737034566822,6538905222.5,284,16.242774566473987,14.46242774566474,5.594202898550724,7.832369942196532,7.91907514450867,6.9364161849710975,3.514450867052023,5.421965317919075,4.228323699421964,72.15,36.3,15.75,10.45,v7,True,True,True,True,True,True,True,False,True,True,True,True
48,8386,百十四銀行,銀行業,プライム,8386.T,(株)百十四銀行,68,1,値上がり率,183,2026-08-13,2026-07-21,2,1,64.0,-4.0,2026-08-13,3090.0,0.06404958677685957,0.06994459833795008,0.1607813673929377,0.22960604854755262,0.3132162157815581,2854.3,2640.1666666666665,0.08257716427845696,0.17038065778675593,0.0,0.4897556183475509,598100.0,400850.0,1.492079331420731,1199827410.0,284,15.953757225433526,14.046242774566474,7.5362318840579725,6.705202312138727,8.005780346820808,5.549132947976878,4.531791907514451,6.322254335260116,3.4190751445086702,72.07,37.54,14.71,10.08,v7,True,True,True,True,True,True,True,True,True,True,True,True
49,8360,山梨中央銀行,銀行業,プライム,8360.T,(株)山梨中央銀行,92,1,値上がり率,159,2026-08-13,2026-06-22,5,1,95.0,3.0,2026-08-13,7440.0,0.05681818181818188,0.061340941512125546,0.13587786259541978,0.2525252525252526,0.4392898765736235,6818.0,6340.333333333333,0.0912290994426519,0.17343988223542417,0.0,0.6119811424632581,249800.0,154170.0,1.6202892910423559,1102367850.0,284,14.855491329479769,14.514450867052023,8.26086956521739,7.196531791907514,8.092485549132949,5.520231213872832,4.786127167630058,6.322254335260116,2.346820809248555,71.9,37.63,15.29,10.31,v7,True,True,True,True,True,True,True,True,True,True,True,True
50,4169,ＥＮＥＣＨＡＮＧＥ,情報・通信業,グロース,4169.T,ＥＮＥＣＨＡＮＧＥ(株),18,2,値上がり率・出来高,333,2026-08-13,2026-06-22,12,3,94.0,76.0,2026-08-13,313.0,0.13405797101449268,0.29338842975206614,0.45581395348837206,0.14652014652014644,0.14652014652014644,238.9,211.75,0.3101716199246547,0.4781582054309328,-0.18276762402088775,0.8304604468830993,5403300.0,1044230.0,5.174434750964826,340964030.0,279,19.826589595375722,11.653179190751446,6.0,9.76878612716763,9.913294797687861,4.277456647398845,6.566473988439307,2.5289017341040463,1.3150289017341037,71.85,37.48,19.68,10.84,v7,True,True,True,True,True,True,True,True,False,False,False,False
51,8399,琉球銀行,銀行業,プライム,8399.T,(株)琉球銀行,148,1,値上がり率,103,2026-08-13,2026-07-08,3,1,111.0,-37.0,2026-08-13,3195.0,0.04582651391162029,0.06891937102709944,0.1447509853099247,0.2549096622152396,0.35274455280483696,2971.0,2709.9666666666667,0.07539548973409627,0.1789812912827955,0.0,0.41973209467933,210200.0,147345.0,1.4265838677932743,450456605.0,284,15.317919075144507,14.566473988439306,7.768115942028986,6.387283236994221,8.179190751445088,4.6531791907514455,4.369942196531792,6.322254335260116,4.268786127167631,71.83,37.65,14.57,9.02,v7,True,True,True,True,True,True,True,True,True,True,True,True
52,7911,ＴＯＰＰＡＮホールディングス,その他製品,プライム,7911.T,ＴＯＰＰＡＮホールディングス(株),23,2,値上がり率・出来高,328,2026-08-13,2026-08-13,1,1,,,2026-08-13,5448.0,0.10776738511590067,0.15890236119974466,0.10979832959869618,0.2395904436860068,0.19298139067311815,4697.7,4736.85,0.1597164569895908,0.15013141644763928,-0.05819416783729381,0.5982270261128803,6773100.0,1652930.0,4.097632688619603,9074289495.0,284,13.757225433526012,14.202312138728324,6.46376811594203,8.728323699421965,7.572254335260116,7.369942196531793,6.104046242774566,4.430635838150289,2.4884393063583814,71.12,34.42,16.3,13.47,v7,True,True,True,True,True,True,True,True,False,True,True,True
53,7184,富山第一銀行,銀行業,プライム,7184.T,(株)富山第一銀行,46,1,値上がり率,205,2026-08-13,2026-07-15,4,1,105.0,59.0,2026-08-13,3265.0,0.07401315789473695,0.08471760797342198,0.2034647991153704,0.2625676720804331,0.25033716294340613,2993.7,2703.4166666666665,0.09062364298359893,0.20773095773866412,0.0,0.6551594142691696,234300.0,238065.0,0.9841849914939197,725166105.0,284,17.398843930635838,14.826589595375722,6.898550724637682,7.138728323699422,8.815028901734104,5.115606936416185,2.4971098265895955,6.322254335260116,2.023121387283237,71.04,39.12,15.95,7.61,v7,True,True,True,True,True,True,True,False,True,True,True,True
54,7384,プロクレアホールディングス,銀行業,プライム,7384.T,(株)プロクレアホールディングス,70,1,値上がり率,181,2026-08-13,2026-07-08,3,1,138.0,68.0,2026-08-13,4585.0,0.06380510440835274,0.09427207637231505,0.11016949152542366,0.21296296296296302,0.6553505002941351,4178.0,3899.0,0.09741503111536631,0.17594254937163378,0.0,0.5268346789127462,160400.0,90980.0,1.763024840624313,394545825.0,284,13.872832369942195,13.630057803468208,9.18840579710145,7.283236994219652,8.15028901734104,4.479768786127168,4.9479768786127165,6.322254335260116,3.0346820809248554,70.91,36.69,15.43,9.43,v7,True,True,True,True,True,True,True,True,True,True,True,True
55,8542,トマト銀行,銀行業,スタンダード,8542.T,(株)トマト銀行,137,1,値上がり率,114,2026-08-13,2026-08-13,1,1,,,2026-08-13,1858.0,0.048532731376975224,0.07835171213000591,0.191025641025641,0.20571057754704736,0.04422955913140769,1659.15,1549.0666666666666,0.11985052587168132,0.1994319159924256,0.0,0.3487013291470895,62100.0,37360.0,1.6622055674518201,64994620.0,244,16.705202312138727,13.421965317919076,4.753623188405797,7.803468208092486,8.728323699421965,3.121387283236994,4.832369942196531,6.322254335260116,5.19942196531792,70.89,34.88,16.53,7.95,v7,True,True,True,True,True,True,True,True,True,True,True,True
56,2820,やまみ,食料品,スタンダード,2820.T,(株)やまみ,42,1,値上がり率,209,2026-08-13,2026-06-26,4,1,104.0,62.0,2026-08-13,5580.0,0.07722007722007729,0.09626719056974453,0.1160000000000001,0.3129411764705883,0.07514450867052025,5016.0,4766.713045247396,0.1124401913875599,0.17061798078310675,0.0,0.36982137593874015,59400.0,12775.0,4.649706457925636,76996375.0,276,14.046242774566474,15.39884393063584,4.9855072463768115,7.716763005780348,8.034682080924856,3.2369942196531793,6.289017341040462,6.322254335260116,4.794797687861271,70.83,34.43,15.75,9.53,v7,True,True,True,True,True,True,True,True,True,True,True,True
57,5951,ダイニチ工業,金属製品,スタンダード,5951.T,ダイニチ工業(株),17,2,値上がり率・出来高増加率,334,2026-08-13,2026-06-18,9,1,35.0,18.0,2026-08-13,1226.0,0.1341350601295097,0.16650808753568036,0.08495575221238938,0.3442982456140351,0.3752412962694047,1074.7,1035.35,0.14078347445798833,0.18414062877287884,-0.012882447665056307,0.5306626567697434,93200.0,9295.0,10.026896180742334,14916095.0,279,12.254335260115608,16.127167630057805,7.942028985507247,8.323699421965319,8.265895953757227,2.023121387283237,7.398843930635838,5.4421965317919065,3.014450867052023,70.79,36.32,16.59,9.42,v7,True,False,True,True,True,True,True,True,True,True,True,False
58,5401,日本製鉄,鉄鋼,プライム,5401.T,日本製鉄(株),9,1,出来高,242,2026-08-13,2026-06-15,41,40,13.0,4.0,2026-08-13,677.7000122070312,-0.019105531539423404,0.008482161022367984,0.19397470288372842,0.23218184037642042,0.02489502462263471,641.9850006103516,581.7016642252604,0.05563215894876761,0.1650302103048411,-0.02838707927307349,0.2678118190015061,43268600.0,51428085.0,0.8413418465805211,33661283570.811768,284,16.936416184971097,14.098265895953757,4.3768115942028984,5.549132947976878,7.947976878612717,8.93063583815029,1.6878612716763006,5.118497109826589,6.130057803468207,70.78,35.41,13.5,10.62,v7,True,True,True,True,True,True,True,False,True,True,True,True
59,7350,おきなわフィナンシャルグループ,銀行業,プライム,7350.T,(株)おきなわフィナンシャルグループ,135,1,値上がり率,116,2026-08-13,2026-07-15,2,1,136.0,1.0,2026-08-13,7930.0,0.04894179894179884,0.05312084993359889,0.14430014430014437,0.2728731942215088,0.3993838300849635,7372.0,6712.833333333333,0.07569180683667942,0.18131936340839694,0.0,0.4434452453299162,81400.0,77810.0,1.046138028531037,583903250.0,284,15.202312138728326,14.878612716763007,8.115942028985508,6.4450867052023115,8.208092485549134,4.855491329479769,2.751445086705202,6.322254335260116,3.9653179190751446,70.74,38.2,14.65,7.61,v7,True,True,True,True,True,True,True,False,True,True,True,True
60,4689,ＬＩＮＥヤフー,情報・通信業,プライム,4689.T,ＬＩＮＥヤフー(株),26,1,出来高,225,2026-08-13,2026-06-15,41,40,22.0,-4.0,2026-08-13,499.5,-0.00040026456302821867,0.08327910082018897,0.11719971635239124,0.18224852071005926,0.30819360184967315,459.58000030517576,432.5933344523112,0.08686191668113508,0.15466411573908467,-0.00040026456302821867,0.3126291480290221,19756600.0,17728800.0,1.1143788637696854,8373295953.200684,284,14.16184971098266,12.641618497109825,7.420289855072464,6.965317919075144,7.6878612716763,7.196531791907514,3.0751445086705202,5.624277456647398,5.583815028901734,70.36,34.22,14.65,10.27,v7,True,True,True,True,True,True,True,False,True,True,True,True
61,2124,ジェイエイシーリクルートメント,サービス業,プライム,2124.T,ＪＡＣ　Ｒｅｃｒｕｉｔｍｅｎｔ,79,1,値上がり率,172,2026-08-13,2026-08-13,1,1,,,2026-08-13,1017.0,0.060479666319082304,0.1225165562913908,0.13758389261744974,0.16095890410958913,0.1274944567627494,937.45,881.9733093261718,0.08485785908581778,0.1530961189483031,0.0,0.3471915877347367,3078900.0,637175.0,4.8321104876996115,729931785.0,284,15.028901734104045,12.017341040462426,5.7101449275362315,6.791907514450867,7.658959537572254,5.144508670520231,6.404624277456647,6.322254335260116,5.219653179190752,70.3,32.76,14.45,11.55,v7,True,True,True,True,True,True,True,True,True,True,True,True
62,6337,テセック,機械,スタンダード,6337.T,(株)テセック,113,1,値上がり率,138,2026-08-13,2026-06-18,8,1,79.0,-34.0,2026-08-13,3530.0,0.05216095380029806,0.018759018759018753,0.44790812141099257,0.08448540706605212,0.31857028186577363,2793.45,2609.7833333333333,0.26367037176251595,0.35260270648265823,0.0,0.9800812861415087,146500.0,165435.0,0.8855441714268444,487061215.0,277,19.595375722543352,9.936416184971097,7.594202898550725,9.595375722543352,9.682080924855493,4.797687861271676,1.9421965317919074,6.322254335260116,0.7890173410404624,70.25,37.13,19.28,6.74,v7,True,True,True,True,True,True,True,False,True,False,False,False
63,2146,ＵＴグループ,サービス業,プライム,2146.T,ＵＴグループ(株),51,1,出来高,200,2026-08-13,2026-06-15,39,3,31.0,-20.0,2026-08-13,218.0,-0.04385964912280704,0.20441988950276246,0.19780219780219777,0.21111111111111103,0.10637771937402896,188.15,179.9,0.1586500132872708,0.21178432462479146,-0.04385964912280704,0.7639224159913374,10188300.0,7482930.0,1.3615388624509384,1527706245.0,284,17.167630057803468,13.526011560693641,5.420289855072464,8.670520231213873,8.872832369942195,5.722543352601155,4.208092485549133,4.653179190751445,1.5982658959537575,69.84,36.11,17.54,9.93,v7,False,True,True,True,True,True,True,True,True,True,True,False
64,3697,ＳＨＩＦＴ,情報・通信業,プライム,3697.T,(株)ＳＨＩＦＴ,137,1,出来高,114,2026-08-13,2026-06-15,39,1,121.0,-16.0,2026-08-13,888.7999877929688,-0.02990616028050319,0.04626249298760299,0.2239052228762317,0.31986925389010734,0.37478729743691996,839.05,727.0966664632161,0.05929323376791462,0.22239590523268227,-0.0644210654810855,0.7543914219337761,3686900.0,8984715.0,0.41035247083519066,7340706409.510498,284,18.09248554913295,15.658959537572256,7.913043478260869,5.69364161849711,8.959537572254336,7.023121387283237,0.09248554913294797,4.3497109826589595,1.638728323699422,69.42,41.66,14.65,7.12,v7,True,True,True,True,True,True,True,False,False,True,True,True
65,8392,大分銀行,銀行業,プライム,8392.T,(株)大分銀行,91,1,値上がり率,160,2026-08-13,2026-07-21,2,1,66.0,-25.0,2026-08-13,2855.0,0.05701592002961875,0.07411587659894647,0.11479890667707937,0.27626285203397405,0.49199471336839307,2663.85,2457.0333333333333,0.07175704337706712,0.16197039790533307,-0.007991660875608098,0.606252185116054,408300.0,272460.0,1.4985685972252807,746723335.0,284,13.988439306358382,14.982658959537574,8.521739130434783,6.213872832369942,7.861271676300578,5.202312138728323,4.554913294797688,5.543352601156069,2.4277456647398843,69.3,37.49,14.08,9.76,v7,True,True,True,True,True,True,True,True,True,True,True,True
66,6522,アスタリスク,電気機器,グロース,6522.T,(株)アスタリスク,82,1,値上がり率,169,2026-08-13,2026-06-18,18,1,17.0,-65.0,2026-08-13,1901.0,0.05964325529542913,0.1438026474127556,0.04164383561643836,0.8972055888223553,3.9376623376623376,1624.65,1310.7166666666667,0.17009817499153668,0.4503515888254517,-0.20791666666666664,1.5660699518404615,3121800.0,1455315.0,2.145102606652168,2614520200.0,282,8.901734104046243,17.843930635838152,9.91304347826087,8.872832369942195,9.913294797687861,6.098265895953757,5.317919075144508,2.2254335260115607,0.08092485549132947,69.17,36.66,18.79,11.42,v7,True,True,True,True,True,True,True,True,False,True,False,False
67,7733,オリンパス,精密機器,プライム,7733.T,オリンパス(株),92,1,出来高,159,2026-08-13,2026-06-15,33,5,101.0,9.0,2026-08-13,2067.5,-0.0038544928932787714,0.14416159380188165,0.15245261984392422,0.10266666666666668,0.30659854265741493,1840.7,1783.0416666666667,0.12321399467593852,0.15953543803893155,-0.014772456516559451,0.4497907947702231,5368600.0,4683760.0,1.1462158607614394,8874678735.0,284,15.664739884393065,10.248554913294797,7.391304347826086,7.91907514450867,7.774566473988439,7.341040462427746,3.2832369942196533,5.361271676300578,3.9046242774566466,68.89,33.3,15.69,10.62,v7,True,True,True,True,True,True,True,False,True,True,True,True
68,146A,コロンビア・ワークス,不動産業,スタンダード,146A.T,コロンビア・ワークス(株),4,1,値上がり率,247,2026-08-13,2026-06-15,5,1,125.0,121.0,2026-08-13,4005.0,0.2118003025718609,0.23611111111111116,0.36410081743869216,0.05672823218997358,0.2654028436018958,3223.1,3104.1666666666665,0.24259253513697998,0.2902013422818792,-0.1188118811881188,0.8314617926520423,126600.0,57455.0,2.2034635801931945,194091695.0,273,19.190751445086704,9.0,7.072463768115942,9.421965317919076,9.450867052023122,3.8728323699421963,5.364161849710983,3.5,1.274566473988439,68.15,35.26,18.87,9.24,v7,True,True,True,True,True,True,True,True,False,False,False,False
69,5108,ブリヂストン,ゴム製品,プライム,5108.T,(株)ブリヂストン,89,1,出来高,162,2026-08-13,2026-06-19,28,6,85.0,-4.0,2026-08-13,4129.0,-0.023646252069047025,0.053316326530612246,0.13216342199067732,0.22195915951464928,0.15690669655365652,3928.8,3599.2425537109375,0.0509570352270412,0.14718581434387223,-0.044212962962962954,0.3716002880967614,5547100.0,5105880.0,1.0864140951217027,20625909405.0,284,14.566473988439304,13.734104046242773,6.144927536231885,5.289017341040462,7.5433526011560685,8.526011560693641,2.867052023121387,4.632947976878613,4.77456647398844,68.08,34.45,12.83,11.39,v7,True,True,True,True,True,True,True,False,True,True,True,True
70,8524,北洋銀行,銀行業,プライム,8524.T,(株)北洋銀行,124,1,値上がり率,127,2026-08-13,2026-06-25,4,1,70.0,-54.0,2026-08-13,1305.0,0.050724637681159424,0.07319078947368429,0.09756097560975618,0.30892678034102317,0.31257494499352867,1202.05,1101.2881632486979,0.08564535585042221,0.18497596137814742,0.0,0.574990878855376,1764800.0,2023515.0,0.8721457463868565,2405981410.0,284,13.121387283236993,15.346820809248554,7.507246376811594,6.907514450867052,8.323699421965319,6.069364161849711,1.7803468208092486,6.322254335260116,2.6300578034682074,68.01,35.98,15.23,7.85,v7,True,True,True,True,True,True,True,False,True,True,True,True
71,194A,ＷＯＬＶＥＳ　ＨＡＮＤ,サービス業,グロース,194A.T,(株)ＷＯＬＶＥＳ　ＨＡＮＤ,1,2,値上がり率・出来高増加率,350,2026-08-13,2026-06-29,7,1,107.0,106.0,2026-08-13,1900.0,0.2666666666666666,0.2582781456953642,0.12160566706021259,0.3408609738884969,-0.0935114503816794,1515.5,1411.25,0.253711646321346,0.3463241806908768,-0.04809619238476959,1.1195657421295222,224800.0,23265.0,9.662583279604556,54113335.0,274,14.335260115606935,16.023121387283236,2.8405797101449277,9.566473988439306,9.653179190751445,3.005780346820809,7.329479768786127,4.592485549132948,0.4046242774566474,67.75,33.2,19.22,10.34,v7,True,True,True,True,True,True,True,True,True,False,False,False
72,4911,資生堂,化学,プライム,4911.T,(株)資生堂,146,1,出来高,105,2026-08-13,2026-06-24,18,2,140.0,-6.0,2026-08-13,3526.0,0.013509629203794171,0.0786173141633526,0.19809717974855579,0.18600739993272786,0.07664122137404572,3265.325,2849.2390096028644,0.07983125722554418,0.23752341875014005,-0.02569770654877035,0.6165765567793022,3522900.0,4479430.0,0.7864616703464503,14476468445.0,284,17.22543352601156,12.84971098265896,5.0144927536231885,6.560693641618497,9.104046242774565,8.005780346820808,1.4335260115606936,5.179190751445086,2.3265895953757223,67.7,35.09,15.66,9.44,v7,True,True,True,True,True,True,True,False,True,True,True,True
73,4092,日本化学工業,化学,プライム,4092.T,日本化学工業(株),74,1,値上がり率,177,2026-08-13,2026-06-15,13,1,45.0,-29.0,2026-08-13,5500.0,0.061776061776061875,-0.09983633387888702,0.3079667063020215,0.532033426183844,0.7540426954609551,5435.0,4973.583333333333,0.011959521619135272,0.10584253472513128,-0.09983633387888702,1.0347769960935305,347700.0,374805.0,0.9276823948453196,2066983550.0,284,18.728323699421964,17.427745664739888,9.36231884057971,3.121387283236994,6.618497109826591,5.982658959537572,2.1502890173410405,3.7023121387283244,0.5867052023121387,67.68,45.52,9.74,8.13,v7,True,True,True,True,True,True,True,False,False,True,False,False
74,7059,コプロ・ホールディングス,サービス業,プライム,7059.T,(株)コプロ・ホールディングス,17,1,値上がり率,234,2026-08-13,2026-08-13,1,1,,,2026-08-13,928.0,0.14004914004914015,0.13725490196078427,0.18367346938775508,0.17023959646910458,-0.045977259596102105,813.7,780.0166666666667,0.14046946048912368,0.18971816841520472,-0.060062262942297884,0.511334911447766,1036900.0,101040.0,10.262272367379255,127349620.0,284,16.416184971098268,12.277456647398845,3.391304347826087,8.294797687861273,8.55491329479769,3.641618497109826,7.491329479768785,4.410404624277456,3.1763005780346822,67.65,32.08,16.85,11.13,v7,True,True,True,True,True,True,True,True,False,True,True,True
75,1960,サンテック,建設業,スタンダード,1960.T,(株)サンテック,110,1,値上がり率,141,2026-08-13,2026-07-02,4,2,20.0,-90.0,2026-08-13,1720.0,0.05263157894736836,0.15436241610738266,0.14590273151232513,0.1428571428571428,0.20249684958019154,1484.55,1446.95,0.15860024923377458,0.1887072808320951,0.0,0.6063061366523448,85400.0,41495.0,2.0580792866610436,70730155.0,272,15.3757225433526,11.393063583815028,6.492753623188405,8.641618497109825,8.468208092485549,3.1791907514450872,5.2485549132947975,6.322254335260116,2.407514450867052,67.53,33.26,17.11,8.43,v7,True,True,True,True,True,True,True,True,True,True,True,True
76,6750,エレコム,電気機器,プライム,6750.T,エレコム(株),60,1,値上がり率,191,2026-08-13,2026-08-13,1,1,,,2026-08-13,2000.0,0.06723585912486651,0.07066381156316925,0.0982976386600769,0.18273211117681853,0.1829508935308095,1865.85,1786.8166666666666,0.07189752659645743,0.11930901323582921,0.0,0.3363274338912707,456000.0,200080.0,2.279088364654138,400474595.0,284,13.236994219653182,12.69364161849711,6.347826086956522,6.271676300578036,6.9364161849710975,4.508670520231214,5.387283236994219,6.322254335260116,5.320809248554914,67.03,32.28,13.21,9.9,v7,True,True,True,True,True,True,True,True,True,True,True,True
77,9843,ニトリホールディングス,小売業,プライム,9843.T,(株)ニトリホールディングス,113,1,出来高,138,2026-08-13,2026-06-19,19,8,120.0,7.0,2026-08-13,2972.5,0.010538840727519982,0.13454198473282442,0.21202854230377177,0.22325102880658432,-0.10641323852028173,2621.25,2542.2,0.134000953743443,0.1692628432066714,-0.12880497042317718,0.5618072437677251,4481000.0,4009185.0,1.1176835192189933,10904483302.5,284,17.74566473988439,13.786127167630056,2.666666666666667,8.179190751445088,7.976878612716763,7.572254335260116,3.098265895953757,3.2572254335260116,2.6705202312138727,66.95,34.2,16.16,10.67,v7,True,True,True,True,True,True,True,False,False,True,True,True
78,8368,百五銀行,銀行業,プライム,8368.T,(株)百五銀行,83,1,値上がり率,168,2026-08-13,2026-08-13,1,1,,,2026-08-13,2278.0,0.05953488372093019,0.051222888786340626,0.10689990281827022,0.1592875318066158,0.505100066046922,2069.8,2001.85,0.10058942893033129,0.13794739865624295,0.0,0.6349135669125595,1058000.0,909490.0,1.1632893159902802,1929086185.0,284,13.641618497109825,11.965317919075144,8.608695652173914,7.398843930635837,7.341040462427746,5.895953757225434,3.4682080924855487,6.322254335260116,2.1242774566473988,66.77,34.22,14.74,9.36,v7,True,True,True,True,True,True,True,False,True,True,True,True
79,9271,和心,小売業,グロース,9271.T,(株)和心,149,1,値上がり率,102,2026-08-13,2026-06-17,4,1,55.0,-94.0,2026-08-13,1119.0,0.04579439252336459,0.08430232558139528,0.1325910931174088,0.2573033707865169,0.15479876160990713,1013.55,984.3,0.10404025455083632,0.1368485217921367,-0.11889763779527562,0.40742781838277164,65900.0,13740.0,4.796215429403202,17132600.0,275,14.6242774566474,14.61849710982659,6.057971014492753,7.5433526011560685,7.3121387283237,2.254335260115607,6.381502890173411,3.4797687861271673,4.430635838150289,66.7,35.3,14.86,8.64,v7,True,False,True,True,True,True,True,True,False,True,True,False
80,6971,京セラ,電気機器,プライム,6971.T,京セラ(株),122,1,出来高,129,2026-08-13,2026-06-15,40,2,148.0,26.0,2026-08-13,3905.0,0.03034300791556732,0.010087946197620212,0.06693989071038242,0.3412330413876008,0.5196472529758993,3711.0,3615.85,0.05227701428186471,0.07996736590289966,-0.002808988764044895,0.4277326293804911,4261800.0,5956960.0,0.7154320324460799,21865576145.0,284,11.38728323699422,16.07514450867052,8.666666666666668,5.317919075144508,5.7514450867052025,8.61271676300578,1.1098265895953756,5.604046242774566,4.167630057803468,66.69,36.13,11.07,9.72,v7,True,True,True,True,True,True,True,False,True,True,True,True
81,2120,ＬＩＦＵＬＬ,サービス業,プライム,2120.T,(株)ＬＩＦＵＬＬ,115,1,値上がり率,136,2026-08-13,2026-08-13,1,1,,,2026-08-13,222.0,0.05213270142180093,0.07766990291262132,0.09359605911330049,0.16230366492146597,0.04225352112676051,203.7,197.45,0.08983799705449202,0.12433527475310213,0.0,0.2519667102522314,2320600.0,629435.0,3.686798478000111,148844575.0,284,12.83236994219653,12.225433526011562,4.666666666666666,7.08092485549133,7.08092485549133,3.6994219653179186,6.011560693641618,6.322254335260116,6.3526011560693645,66.27,29.72,14.16,9.71,v7,False,True,True,True,True,True,True,True,True,True,True,False
82,8789,フィンテック　グローバル,その他金融業,スタンダード,8789.T,フィンテック　グローバル(株),39,2,値上がり率・出来高,312,2026-08-13,2026-08-13,1,1,,,2026-08-13,149.0,0.07971014492753614,0.12030075187969924,0.13740458015267176,0.0875912408759123,0.006756756756756799,133.3,128.35,0.11777944486121528,0.1608881963381379,-0.03870967741935483,0.32738653673775386,4860500.0,626765.0,7.754900161942674,116380655.0,244,14.971098265895955,10.040462427745664,4.115942028985507,7.774566473988439,7.803468208092486,3.5260115606936413,7.190751445086705,4.815028901734104,5.4421965317919065,65.68,29.13,15.58,10.72,v7,False,True,True,True,True,True,True,True,True,True,True,False
83,8338,筑波銀行,銀行業,プライム,8338.T,(株)筑波銀行,38,1,値上がり率,213,2026-08-13,2026-06-22,6,1,97.0,59.0,2026-08-13,724.0,0.08221225710014957,0.08383233532934131,0.15286624203821653,0.14920634920634912,0.03545164468291673,654.5,642.3166666666667,0.10618792971734159,0.12716987986195782,0.0,0.6491233562629481,3068000.0,1868015.0,1.6423850986207285,1292001255.0,284,15.722543352601155,11.75722543352601,4.550724637681159,7.630057803468207,7.109826589595376,5.578034682080925,4.809248554913295,6.322254335260116,2.083815028901734,65.56,32.03,14.74,10.39,v7,True,True,True,True,True,True,True,True,True,True,True,True
84,5713,住友金属鉱山,非鉄金属,プライム,5713.T,住友金属鉱山(株),123,1,出来高,128,2026-08-13,2026-07-03,11,5,97.0,-26.0,2026-08-13,9823.0,0.014353572903758716,0.14714469228074267,0.34029199072179006,0.05851293103448274,0.033918374865142153,8099.7,8262.116666666667,0.21276096645554787,0.18892051471878668,-0.2341080740582986,0.8082559764280453,4147200.0,3871275.0,1.0712749675494508,33207140925.0,284,19.017341040462426,9.15606936416185,4.521739130434782,9.248554913294798,8.497109826589595,8.901734104046243,2.8439306358381504,1.9017341040462423,1.375722543352601,65.46,32.7,17.75,11.75,v7,True,True,True,True,True,True,True,False,False,False,False,False
85,3723,日本ファルコム,情報・通信業,グロース,3723.T,日本ファルコム(株),33,1,値上がり率,218,2026-08-13,2026-07-24,3,2,40.0,7.0,2026-08-13,2899.0,0.0935496039230479,0.06659308314937462,0.07489803485354107,0.1503968253968253,0.5560923242082663,2685.95,2550.233333333333,0.0793201660492564,0.13675872795953326,0.0,0.4581326345668715,67600.0,16885.0,4.003553449807521,53160535.0,255,11.676300578034681,11.861271676300579,8.753623188405797,6.53179190751445,7.283236994219652,2.976878612716763,6.057803468208092,6.322254335260116,3.8439306358381504,65.31,32.29,13.82,9.03,v7,True,True,True,True,True,True,True,True,True,True,True,True
86,5844,京都フィナンシャルグループ,銀行業,プライム,5844.T,(株)京都フィナンシャルグループ,126,1,値上がり率,125,2026-08-13,2026-08-13,1,1,,,2026-08-13,5000.0,0.05064089094347546,0.06906136412230057,0.06382978723404253,0.13455865668255051,0.36545021587181203,4621.0,4585.583333333333,0.08201687946331959,0.09037381649008669,0.0,0.36288895054187975,1482200.0,935085.0,1.5850965420255914,4548493330.0,284,10.92485549132948,11.028901734104046,7.826086956521738,6.618497109826591,6.127167630057804,6.560693641618497,4.670520231213873,6.322254335260116,4.936416184971098,65.02,29.78,12.75,11.23,v7,True,True,True,True,True,True,True,True,True,True,True,True
87,4612,日本ペイントホールディングス,化学,プライム,4612.T,日本ペイントホールディングス(株),124,1,出来高,127,2026-08-13,2026-06-15,21,3,146.0,22.0,2026-08-13,1248.0,-0.016935801496652192,0.01794453507340954,0.14442916093535074,0.1768033946251768,0.0331125827814569,1184.725,1090.312818400065,0.053409018970647315,0.14462563306494602,-0.016935801496652192,0.30065792420416676,4142700.0,4560285.0,0.9084300652261865,5435125727.5,284,15.260115606936415,12.485549132947977,4.463768115942028,5.375722543352602,7.485549132947978,6.705202312138727,2.0809248554913293,5.30057803468208,5.786127167630058,64.94,32.21,12.86,8.79,v7,True,True,True,True,True,True,True,False,True,True,True,True
88,6276,シリウスビジョン,電気機器,スタンダード,6276.T,シリウスビジョン(株),25,1,値上がり率,226,2026-08-13,2026-06-24,4,1,134.0,109.0,2026-08-13,356.0,0.10559006211180133,0.1558441558441559,0.10903426791277249,0.05637982195845703,0.3185185185185184,313.3,306.1,0.13629109479731882,0.16301862136556666,0.0,0.44437910594786045,129600.0,23135.0,5.6019018802679925,8515870.0,277,13.699421965317919,8.947976878612717,7.565217391304348,8.208092485549134,7.890173410404624,1.6184971098265897,6.682080924855492,6.322254335260116,3.9450867052023124,64.88,30.21,16.1,8.3,v7,True,False,True,True,True,True,True,True,True,True,True,False
89,4661,オリエンタルランド,サービス業,プライム,4661.T,(株)オリエンタルランド,93,1,出来高,158,2026-08-13,2026-06-15,41,40,104.0,11.0,2026-08-13,3001.0,0.006034193764666407,0.0491172871875547,0.09326047358834244,0.35271579896326344,0.09211673261340558,2872.325,2523.475,0.04479820354590802,0.18923310117992065,-0.052415535206820296,0.5354434071262613,5341800.0,8180175.0,0.6530178144110609,22828512617.5,284,12.774566473988441,16.335260115606935,5.217391304347826,4.913294797687861,8.526011560693641,8.670520231213873,0.647398843930636,4.531791907514451,2.973988439306358,64.59,34.33,13.44,9.32,v7,True,True,True,True,True,True,True,False,False,True,True,True
90,2801,キッコーマン,食料品,プライム,2801.T,キッコーマン(株),140,1,出来高,111,2026-08-13,2026-06-15,24,1,101.0,-39.0,2026-08-13,1779.0,0.00593723494486853,0.11606022584692588,0.086080586080586,0.22731976543635746,0.2064968977358017,1672.35,1587.475,0.06377253565342178,0.12064756925305908,0.0,0.49121906308240676,3635400.0,4266500.0,0.8520801593812258,7303025295.0,284,12.36994219653179,13.994219653179192,6.55072463768116,5.953757225433526,6.965317919075144,6.994219653179191,1.7341040462427744,6.322254335260116,3.3583815028901736,64.24,32.91,12.92,8.73,v7,True,True,True,True,True,True,True,False,True,True,True,True
91,6330,東洋エンジニアリング,建設業,プライム,6330.T,東洋エンジニアリング(株),29,2,値上がり率・出来高,322,2026-08-13,2026-06-15,10,1,44.0,15.0,2026-08-13,2500.0,0.1013215859030836,0.18764845605700708,0.27420998980632016,0.1831519167061051,-0.4511525795828759,2007.6,2015.7666666666667,0.24526798166965547,0.2402229093975825,-0.4068801897983393,0.8538056267523464,5166200.0,2471030.0,2.0907071140374662,5520348415.0,284,18.55491329479769,12.745664739884393,0.3768115942028986,9.479768786127167,9.16184971098266,6.791907514450867,5.271676300578034,0.7485549132947977,1.0924855491329482,64.22,31.68,18.64,12.06,v7,True,True,True,True,True,True,True,True,False,False,False,False
92,7974,任天堂,その他製品,プライム,7974.T,任天堂(株),42,1,出来高,209,2026-08-13,2026-06-15,41,40,27.0,-15.0,2026-08-13,8325.0,-0.019203581526861413,0.12075928917609047,0.18085106382978733,0.10719510573214519,0.004620301183393849,7579.55,7289.633333333333,0.098350165906947,0.14203274970391755,-0.1694680525103356,0.47537875000617463,10948800.0,11057155.0,0.9902004629581479,86996079025.0,284,16.30057803468208,10.508670520231213,4.028985507246378,7.341040462427746,7.427745664739884,9.653179190751445,2.520231213872832,2.6300578034682074,3.7023121387283244,64.11,30.84,14.77,12.17,v7,True,True,True,True,True,True,True,False,False,True,True,True
93,9107,川崎汽船,海運業,プライム,9107.T,川崎汽船(株),118,1,出来高,133,2026-08-13,2026-06-15,33,7,127.0,9.0,2026-08-13,2903.5,0.011320097526994033,0.0696260821514092,0.09277380504328181,0.12495156915924066,0.28697842832129616,2806.325,2637.383333333333,0.034627136913935486,0.1009017776457728,0.0,0.270353179626682,4341300.0,4652695.0,0.9330721227159743,13008874542.5,284,12.658959537572255,10.872832369942195,7.18840579710145,4.277456647398845,6.4450867052023115,7.861271676300578,2.1965317919075145,6.322254335260116,6.109826589595375,63.93,30.72,10.72,10.06,v7,True,True,True,True,True,True,True,False,True,True,True,True
94,2962,テクニスコ,金属製品,スタンダード,2962.T,(株)テクニスコ,37,1,値上がり率,214,2026-08-13,2026-06-15,13,1,135.0,98.0,2026-08-13,1425.0,0.0828267477203648,0.11415168100078188,0.16612111292962362,0.31457564575645747,0.48592283628779986,1269.0,1269.0,0.1229314420803782,0.1229314420803782,-0.2839195979899497,0.8467855795969629,124800.0,128835.0,0.9686808708813599,172709835.0,284,16.069364161849713,15.502890173410403,8.463768115942027,7.890173410404624,7.052023121387283,3.8150289017341037,2.4277456647398843,1.4566473988439308,1.1734104046242775,63.85,40.04,14.94,6.24,v7,True,True,True,True,True,True,True,False,False,True,False,False
95,8411,みずほフィナンシャルグループ,銀行業,プライム,8411.T,(株)みずほフィナンシャルグループ,53,1,出来高,198,2026-08-13,2026-06-15,41,40,60.0,7.0,2026-08-13,8775.0,0.032110091743119185,0.03600944510035409,0.0347877358490567,0.27432471681672954,0.22005199776454143,8367.1,7945.216666666666,0.048750463123423904,0.10443810007279009,0.0,0.4827498854063812,10010600.0,10392095.0,0.9632898852445055,87269816170.0,284,8.323699421965319,14.93063583815029,6.72463768115942,5.115606936416185,6.560693641618497,9.682080924855493,2.3352601156069364,6.322254335260116,3.5809248554913298,63.58,29.98,11.68,12.02,v7,True,True,True,True,True,True,True,False,True,True,True,True
96,2181,パーソルホールディングス,サービス業,プライム,2181.T,パーソルホールディングス(株),41,1,出来高,210,2026-08-13,2026-06-15,40,23,37.0,-4.0,2026-08-13,282.79998779296875,-0.004225395095180495,0.09189184476049705,0.09062861976978942,0.14959344631288118,0.19159101128854572,266.20499725341796,251.9133321126302,0.062339139801169674,0.1226082614259143,-0.004225395095180495,0.35477067824294023,11038800.0,9784165.0,1.128231177622209,2654262826.134186,284,12.543352601156071,11.809248554913292,6.405797101449275,5.8381502890173405,7.023121387283237,6.127167630057804,3.213872832369942,5.583815028901734,5.017341040462428,63.56,30.76,12.86,9.34,v7,False,True,True,True,True,True,True,False,True,True,True,False
97,7380,十六フィナンシャルグループ,銀行業,プライム,7380.T,(株)十六フィナンシャルグループ,69,1,値上がり率,182,2026-08-13,2026-07-08,4,1,138.0,69.0,2026-08-13,2579.0,0.06394389438943904,0.08179530201342278,0.05008143322475567,0.24589371980676322,0.4244616559439027,2444.1,2309.85,0.055194140992594454,0.11652271792540647,0.0,0.5395499984422528,690400.0,525640.0,1.3134464652613955,1334499605.0,284,9.653179190751445,14.254335260115607,8.202898550724637,5.46242774566474,6.878612716763006,5.635838150289017,4.046242774566474,6.322254335260116,2.9132947976878616,63.37,32.11,12.34,9.68,v7,True,True,True,True,True,True,True,True,True,True,True,True
98,8395,佐賀銀行,銀行業,プライム,8395.T,(株)佐賀銀行,143,1,値上がり率,108,2026-08-13,2026-07-21,2,1,106.0,-37.0,2026-08-13,6250.0,0.04690117252931314,0.07758620689655182,0.08695652173913038,0.17260787992495308,0.25037999829635726,5759.0,5481.666666666667,0.0852578572668865,0.14016418364244454,0.0,0.5224448201996567,76900.0,63505.0,1.210928273364302,374071050.0,284,12.427745664739884,12.329479768786127,6.927536231884058,6.8497109826589595,7.369942196531793,4.364161849710983,3.6763005780346822,6.322254335260116,3.0953757225433525,63.36,31.68,14.22,8.04,v7,True,True,True,True,True,True,True,True,True,True,True,True
99,3323,レカム,卸売業,スタンダード,3323.T,レカム(株),52,1,出来高,199,2026-08-13,2026-06-17,4,3,2.0,-50.0,2026-08-13,94.0,-0.07843137254901966,0.28767123287671237,0.34285714285714275,0.021739130434782705,0.10588235294117654,75.05,79.36666666666666,0.2524983344437042,0.18437631247375053,-0.21666666666666667,1.0146379865833437,10013600.0,1764510.0,5.675003258695049,215796320.0,255,19.075144508670522,7.335260115606936,5.391304347826086,9.537572254335261,8.294797687861273,3.959537572254335,6.705202312138727,2.144508670520231,0.6473988439306357,63.09,31.8,17.83,10.66,v7,False,True,True,True,True,True,True,True,False,False,False,False
100,6701,日本電気,電気機器,プライム,6701.T,ＮＥＣ,115,1,出来高,136,2026-08-13,2026-06-15,41,40,71.0,-44.0,2026-08-13,4917.0,0.000814166497048685,0.061757719714964354,0.10172529688550314,0.14428671165929718,0.17720509042779464,4591.75,4255.833333333333,0.07083356018947029,0.15535539455649117,-0.01699320271891247,0.49598436022660397,4357000.0,7546630.0,0.5773437945149027,34098239515.0,284,13.410404624277454,11.445086705202314,6.2608695652173925,6.184971098265895,7.716763005780348,8.988439306358382,0.4624277456647399,5.280346820809248,3.3179190751445082,63.07,31.12,13.9,9.45,v7,True,True,True,True,True,True,True,False,True,True,True,True
